#191,#191ve,#233,#233u,#243,#243n,$1,$125000,$20m,$25m,$30000,&,&#1637m,&#1638m,0,00,000,00m,00pm,01,0170,02,0210\n,0227,03,0315,04,04sec,05,06,0600,07,0830,09,09sec,0\n,0th,1,1%,10,10%,100,100%,1000,10000,10000m,1000m,100m,100mph,100th,101,1016,102,103,103m,10500m,106,107,108,109,10k,10km,10m,10sec,10th,11,110,111,112,113,113th,114,115,115000,115th,117,1178,119,11th,12,120,1200m,120m,121,122,123,1230,125,125508,127th,128,129,12km,12th,13,13000,131,132,133,134,135,136,138,139,13m,13sec,13th,14,140,1400,140m,142,1426,143,1430,1439,145,146,147,149,14th,15,150,1500,15000,150000,1500m,150th,151,152,153,155,156,158,15th,16,1600,16000,161,163,165,168,169,16m,16th,17,172,173,179,17m,17th,18,181,1815,182,183,1830,184,185,185\n,186,187,1870,188,1888,189,1893,19,1900,1903,1905,1908,191,1912,192,1921,1924,1928,1930,1935,1936,1945,1946,1948,195,1950,1952,1953,1957,1959,196,1960,1963,1965,1967,1969,1970,1971,1972,1974,1976,1978,198,1980,1981,1983,1984,1985,1986,1987,1988,1989,1990,1991,1993,1994,1995,1996,1997,1998,1999,19sec,19th,1\n,2,20,200,200%,200/1,2000,2000/2001,20000,2001,2001/2,2002,2003,2004,2005,2006,2006\\n,2007,2008,2009,200\n,200m,201,2010,2011,2012,202,206,2060,208,209,2093\n,20m,20th,21,2115,21254,213,21m,21st,22,22000,220m,2267\n,227,22nd,23,230,23000,232,234,238,23rd,23sec,24,244,245,248,249,24m,24th,25,25%,250,25000,250th,252,25m,25th,26,261,264,264th,265,27,270,27000,27102,273,276,2776,27m,27th,28,28000,281,286,28m,28th,29,291,2km,2m,3,30,300,3000,3000m,301,304,30m,30th,31,311,314,3141,316,318,32,324,325,325\n,329,33,332,334,335,337,33rd,34,340,3414,344,345,346,348,349,34th,35,350,350000,350m,357,358,35m,35th,36,361,367\n,36th,37,376,37th,38,381,3856,39,398,39sec,3\n,3cm,3km,3m,3th,4,40,40%,400,4000,40000,400m,40m,40th,41,415,41st,42,425,425\n,42nd,43,431,43m,43rd,44,444,447th,45,45752,45m,45sec,45th,46,47,47111,47\n,47th,48,484,48th,49,491,4in,4km,4m,4x,5,50,50%,50/50,500,5000,500000,5000m,500m,50430,50m,50th,51,51cm,51sec,52,52m,52nd,53,532,539th,54,54th,55,552,56,563,568,57,570,58,59,5\n,5km,5m,6,6/8,60,60000,600000,60m,60sec,61,612,61st,62,6215,62m,62sec,63,63m,63rd,63sec,64,64m,64sec,65,65m,65th,66,661\n,66m,66sec,67,67th,68,68second,69,694,69th,6ft,6in,6km,6m,6th,7,7/5,70,700,7000,7001,70101,70m,71,72,7291,73,739,74,740,741,746,74th,75,7595\n,76,76%,77,77m,77th,78,781,79,7d,7m,7million,8,8/6,8/9,80,80%,800,80000,800m,803\n,80m,81,811,8139,814,82,83,84,841,84th,85,85mph,86,87,87m,87th,88,88m,88th,89,89sec,8\n,8km,8m,8th,9,9%,90,900,9000,905,90th,91,91kg,92,93,93rd,94,945,95,95m,96,9603\n,961,97,98,99,9994,9kg,9km,\,\93,\94,\\,\\\n,\\he,\\i,\\n,\\robbi,\a,\a\,\abov,\absolut,\all,\anfield,\be,\bi,\blackburn,\bring,\can,\ceremoni,\cheat,\chuck,\connel,\could,\delay,\do,\doosra,\ey,\fail,\galactico,\get,\go,\goal,\golden,\have,\hi,\hors,\i,\i\m,\if,\intens,\leari,\mido,\n,\new,\not,\pakiha,\perform,\person,\profession,\quick,\rebel,\recreat,\rigor,\rove,\rover,\s,\shea,\silenc,\simul,\stand,\sullivan,\tap,\the,\thi,\to,\total,\unlik,\ve,\victori,\wa,\well,\what,\will,\won,\wow,\xa,\xc,\ye,`who,aaa,aaa\,aah,aakash,aaron,ab,abandon,abbott,abc,abdomen,abdomin,abdul,abeb,aberdeen,abeyi,abi,abibul,abigail,abil,abl,abn,aborn,abraham,abramovich,abras,abroad,absenc,absent,absente,absolut,abstent,absurd,abus,abysm,ac,academi,accept,access,acchi,accid,accident,acclaim,acclimatis,accolad,accommod,accomplish,accosi,account,accredit,accumul,accur,accuraci,accus,accustom,ace,achiev,achil,achvili,ack,acknowledg,acqu,acquaint,acquett,acquisit,acquit,acrimoni,acrobat,act,action,ad,adag,adal,adam,adapt,adcliff,add,adden,addi,addick,addit,address,adductor,ade,adelaid,adequ,ader,adera,adher,adida,adject,adjudg,adjust,administr,admir,admiss,admit,admittedli,ado,adrian,adriano,adrift,adroit,adult,advanc,advanta,advantag,adventur,advers,advic,advis,advisor,advoc,ae,aerow,affair,affect,affirm,afflict,afford,afi,afraid,africa,african,afridi,aftab,aftenposten,afternoon,ag,against,agarkar,agassi,agat,age,agen,agenc,agenda,agent,aggrav,aggreg,aggress,aggressor,aggriev,agil,agit,agm,agn,ago,agonisingli,agoy,agre,agreement,ahead,ahm,ahmedabad,ahon,ai,aid,aiden,ail,aili,aim,air,airdri,airport,ait,aitken,aiyegbeni,aizlewood,aj,ajar,ajax,ajit,ajudg,ak,akelel,akhaya,akhtar,akin,akistan,akmal,akofo,al,alain,alam,alan,alarm,alasdair,albania,albeit,alberto,albi,albion,alcock,alcohol,ale,alec,alert,alessandro,alest,alex,alexi,algemeen,ali,aliadier,alicia,alistair,aliv,alker,allahgreen,allan,allardyc,alleg,allegedli,allegi,allegr,allen,alleyn,alli,allist,alliwel,allot,allow,allymena,allyn,almagro,alman,almeria,almunia,alok,alon,aloney,alongsid,alonso,alshaw,altaf,alter,altitud,alumnia,alvin,amadeo,amaican,amankwaah,amara,amass,amateur,amaz,amazingli,ambassador,ambia,ambit,ambiti,ambros,ambush,amdi,ame,ameli,amend,ameobi,america,american,ami,amibia,amibit,amid,amla,amm,ammunit,amor,amoruso,amount,ampbel,ampes,ampl,amro,amsterdam,amus,an,analog,analys,anaman,anastasia,anatomi,anc,anchest,anchor,ancic,ander,anderlecht,andersen,anderson,andi,andic,andr,andrea,andreev,andrei,andrew,andriy,anelka,anfield,angel,anger,angl,angladesh,anglesea,anglo,angola,angri,angrili,angu,ania,aniela,anil,animos,anin,anjum,ankl,anley,ann,anna,annadal,annan,announc,annoy,annu,annual,ano,anounc,ansdown,ansen,answer,ant,anthoni,anti,antibiot,anticip,antini,antonio,antwerp,anu,anurag,anxiou,anybodi,anyinsah,anymor,anytim,anyway,aoif,aolo,apan,apart,apiec,aplan,apolog,apologet,apologis,aport,appal,appar,appeal,appear,appl,applaud,applaus,appli,applic,appoint,appreci,apprehens,approach,appropri,approv,april,aptain,ara,arab,aracen,aragon,aramburu,arash,aravinda,arbit,arbitr,arbuckl,arca,arcel,arcelona,arch,archi,archibald,arcu,arden,ardiff,arduou,area,arena,argentin,argentina,argu,arguabl,argument,arinordoquy,arion,arjan,arjen,ark,arkansa,arker,arkley,arli,arlo,arm,armar,armi,armpit,armstrong,arn,arnaud,arnesen,arney,arnoud,aro,arrang,array,arrear,arren,arres,arrest,arri,arrigo,arrison,arriv,arrog,arsen,arshad,arshal,artel,arteta,arthi,arthur,articl,artifici,artina,artlepool,arturo,arvind,asago,ascend,ash,asham,ashburton,ashdown,ashia,ashish,ashley,ashra,ashton,ashwel,asia,asian,asid,asif,asim,asir,ask,asp,aspect,aspir,assembl,assert,assess,asset,assi,assist,associ,assumpt,assur,ast,astiazaran,astl,aston,astound,atch,atford,ath,athen,athlet,athletic,athletico,atlant,atletico,atlin,atmospher,ato,aton,atp,atrick,atsman,att,attach,attack,attain,attempt,attend,attent,atteo,atthew,attitud,attorney,attract,attribut,attun,aturday,au,auckland,auction,audienc,audit,aughan,aughlin,aughton,august,aul,aula,aulo,aunch,aura,aurelien,auresmo,auric,aurin,auritiu,aussi,australia,australian,austria,austrian,authent,author,automat,autumn,auvergn,avail,ave,aveng,avenport,averag,avid,aviv,avoid,avour,avratilova,aw,await,awar,award,away,awesom,awkward,awkwardli,awok,awri,axe,ay,ayacko,ayley,ayn,aynaoui,azhar,azharuddin,aziz,azzurri,b,b&#233zier,babayaro,babu,baccanello,bacher,back,backfir,background,backhand,backley,backlin,backroom,backsid,backward,backyard,bad,baddeley,badli,bafana,bag,bahrouzyan,bail,bailiff,baisya,bait,bak,bake,balagu,balaji,balanc,balco,bald,baldini,ball,ballboy,ballymena,balmer,balshaw,baltacha,balthazar,bambi,bamboozl,ban,bang,bangalor,bangladesh,banish,bank,bano,bar,barbarian,barbini,barca,barcelona,bare,barg,bargain,bari,barker,barkley,barn,barnard,barney,baro,barrag,barren,barrett,barri,barrier,bartholomeusz,bartlett,bartoli,barton,barwick,base,basebal,baselin,bashar,basi,basic,bask,basketbal,basten,bastman,bat,bate,bath,batistuta,batsman,batsmen,batter,batteri,batti,battl,bautista,baxter,bay,bayer,bayern,bbc,bbc\,bbott,bc,bc1,bcb,beach,beam,beamer,bear,beast,beat,beatabl,beaten,beatti,beauti,beck,becker,beckham,becom,bed,bedel,bedford,bee,befor,began,begin,begrudg,begun,behalf,behav,behaviour,behind,beij,bekel,belaru,belgian,belgium,belgrad,belief,believ,bell,bellami,bellion,belo,belong,belt,bemoan,ben,bench,benchmark,bend,beneath,benefactor,benefici,benefit,benesova,benhabil,benita,benitez,bennett,bent,berat,berbatov,berdych,bereft,bergamasco,berger,bergkamp,berhan,berhanu,berkov,berlin,bernab,bernabeu,bernard,bernardo,berni,bershawn,berth,berthinussen,berti,beseech,beset,best,bet,betray,betsen,better,bewild,bewilder,beyond,bg,biarritz,bicep,bid,big,bigger,biggest,bilater,bill,billi,billion,billionair,billup,bin,bind,biomechan,birchfield,birgit,birkett,birmingham,birthday,biscan,bisect,bishop,bit,bitamazir,bite,bitter,bitterli,bizarr,bj,bjorkman,black,blackburn,blackpool,bladder,blade,blair,blake,blame,blast,blatantli,blatter,blaze,bleach,bleeper,blemish,blend,bless,bleu,blew,blight,blignaut,blind,blindsid,blip,blister,block,bloemfontein,bloke,blond,blood,bloodi,bloom,blossom,blow,blown,blue,bluebird,blunt,blur,blush,blusteri,bnei,board,boardroom,boat,boateng,bob,bobbi,bobo,boca,bode,bodi,boeta,bogdanov,bogl,boil,boje,bold,boldon,bollan,bollesan,bolster,bolt,bolton,bomb,bombay,bond,bone,bonnair,bonu,boo,book,bookabl,booki,bookmak,boom,boost,boot,border,bore,born,boro,borrow,borthwick,bortolami,bosman,boss,boston,bosvelt,botafogo,botch,botha,botswana,bottom,bouba,boucher,boudewijn,bought,boumsong,bounc,bouncer,bound,boundari,bourgoin,bournemouth,bovina,bow,bowden,bowen,bowl,bowler,bowyer,box,boy,boycott,boyfriend,boyl,bozzi,brace,bracewel,bracken,bracket,brad,bradford,bradi,bradley,bradman,bradshaw,brain,brake,brambl,brand,brannen,brave,bravo,brazil,brazilian,breach,break,breakdown,breaker,breakthrough,breast,breath,breathtak,brebner,breen,brees,breez,bremen,brendan,brendon,brennan,brent,brentford,brett,brian,bridg,brief,briefli,bright,brightest,brightli,brighton,brilliant,brilliantli,bring,brink,brisban,brisk,bristol,britain,british,briton,britz,brive,brizzel,brm,broad,broadcast,broaden,broke,broken,brom,brombi,bromwich,bronchiti,bronz,brook,broster,brother,brought,brown,brownsword,bruce,bruin,bruis,bruno,brush,brussel,brutal,bruyn,bryan,bryn,bryson,bski,bt,bu,bucharest,buckfield,buckingham,bucknor,budapest,budg,budget,bueno,build,built,bulg,bulgaria,bulgarian,bull,bullet,bullfight,bullish,bulloch,bullock,bumbl,bump,bunch,bundl,buoy,bupa,burden,burger,buri,burka,burn,burner,burnley,burrow,burst,burton,burwel,buse,busi,busier,businessman,bust,but,butcher,bute,butler,butragueno,butt,buxton,buy,buzz,bvute,bwalya,bye,byrn,c,c&g,ca,cabl,caborn,caddick,cadena,caf,cage,cagig,cahil,caillet,cairn,cairo,cake,calcul,calder,caledonian,calendar,calf,calibr,california,call,callam,callow,calm,calmer,calum,calvin,calvisano,camacho,camara,came,camera,cameron,cameroon,camil,camp,campaign,campbel,campel,campes,campo,cana,canada,canadian,canal,cancel,candela,candid,canio,canni,canning,canterburi,cantona,cap,capabl,capac,cape,capit,capitalis,capitul,capriati,capt,captain,captainci,captiv,captur,carbon,card,cardiff,care,career,caretak,carl,carlet,carlisl,carlo,carlsen,carolina,carr,carragh,carri,carrier,carrol,carrot,carrow,carsley,carson,carter,cartilag,carv,carvalho,carwyn,case,casey,cash,casilla,cast,castaigned,castig,castr,castrogiovanni,casual,casualti,cat,catalan,catalyst,catch,cate,categori,catherin,cathi,caucaunibuca,caught,cauldron,caus,caution,cautiou,cavali,cb,cctv,cecafa,cech,cedric,celebr,celestin,celt,celtic,cement,cent,centenari,centimetr,centr,central,centuri,centurion,ceo,ceplak,ceremoni,ceri,certain,certainli,certainti,cesc,chabal,chair,chairman,challeng,chamber,chaminda,champion,championship,chanc,chandana,chanderpaul,chandigarh,chang,changeov,channel,chant,chaotic,chap,chappel,chapter,charact,characterist,charg,chariti,charl,charleroi,charlesworth,charli,charlton,charter,charvi,chase,chat,chaunac,cheapli,cheat,check,cheer,chela,chelsea,chennai,chepkemei,chequ,cherkasova,cherri,cheshir,chesney,chest,chester,chicago,chicken,chief,chigumbura,child,childhood,children,chile,chill,chilli,chin,china,chines,chip,chipolopolo,chiropractor,chittagong,choic,choke,chomp,choos,chop,chopra,chorley,choru,chose,chosen,chri,christ,christchurch,christi,christian,christma,christo,christoph,chronicl,chuck,chunk,churlishli,chuter,ci,cicero,cigar,circuit,circul,circumfer,circumst,ciss,cite,citi,citizen,citizenship,civil,cj,cl,claassen,claim,clamp,clandestin,claret,clark,clash,class,classi,classic,claud,claudio,claus,claw,claxton,clay,clean,clear,clearanc,clearer,clearli,clem,clemenc,clement,clermont,clever,cleverli,clichi,click,client,clijster,climax,climb,clinch,cling,clinic,clinton,clip,clithero,clive,clock,close,closer,closest,closur,cloth,cloud,clout,club,clue,clumsi,clung,clutch,clyde,coach,coast,coastlin,coax,cobbleston,cocain,cockbain,code,coe,coghlan,cohen,coher,coin,coincid,colchest,cold,cole,colerain,colin,collaps,collar,colleagu,collect,colleg,collid,collier,collin,collingwood,collis,colloqui,cologn,colombia,colombo,colonel,coloni,color,colour,column,com,combat,combin,come,comeback,comfort,command,commenc,commene,comment,commentari,commerci,commiss,commission,commit,committe,common,commonwealth,commun,compani,companion,compar,comparison,compass,compatriot,compel,compens,compet,competit,competitor,competitv,compil,complac,complain,complaint,complement,complet,compli,complic,compon,compos,composit,composur,comprehens,compris,compromis,compuls,compulsori,con,conced,concentr,concept,concern,concert,concess,conchita,conclud,conclus,condemn,condens,condit,conditon,condon,conduc,conduct,confer,confess,confid,confidenti,confirm,confirn,conflict,confront,confus,congo,congratul,congress,congression,conjunct,connacht,connect,connolli,connor,conor,conquer,conqueror,conscienc,consecut,consequ,conserv,consid,consider,consist,consol,consolid,consortium,conspir,conspiraci,constantli,constru,construct,consult,consum,cont,contact,contain,contamin,contempl,contend,content,contepomi,contest,context,contin,conting,continu,contra,contract,contradict,contradictori,contrari,contrast,contravent,contribut,contrit,contriv,control,controversi,conven,conveni,convers,convert,convey,convict,convinc,convincingli,convuls,cook,cool,cooli,coolli,cooper,cop,copa,cope,copi,cord,corden,coria,corinthian,corkman,corner,corpor,correct,correctli,corri,corrigan,cosafa,coslett,cost,costa,costacurta,costello,costli,cotland,cott,cottag,cotteril,council,count,countdown,counter,counterpart,counterproduct,counti,countri,coup,coupl,courag,courier,cours,court,courter,courtesi,cousin,coutt,coventri,cover,coverag,cpt,crack,craft,cragg,craig,cram,cramp,crane,crash,crave,craven,crawford,crawl,crazi,creaki,cream,creas,creat,creativ,credenti,credibl,credit,creditor,cremer,crescendo,crestfallen,crete,crew,cri,cricket,crimin,crimson,cring,crisi,crisp,cristian,cristiano,criteria,critic,criticis,croatia,croatian,cronj,crook,crop,cross,crossbar,crosscourt,crossfield,crossley,crossroad,crowd,crown,crowther,crucial,crue,cruis,crum,crumbl,crumpl,crunch,crusad,crush,cruyff,crystal,csa,cub,cudicini,cue,cueto,cuff,cullen,cullip,culmin,culprit,cult,cultur,cum,cunningham,cup,curbishley,cure,curepip,curfew,curiou,curl,current,curri,curriculum,curs,curtain,curti,curv,cushion,cusit,custodi,custom,customari,cut,cutback,cute,cygan,cynic,cypriot,cypru,cyril,czech,d,d\arci,d\urso,da,dacourt,dad,dado,dagblad,dai,daili,dainti,dakin,dal,dalai,dale,dali,dalla,dallaglio,dalli,dallianc,dam,damag,dame,damen,damien,damn,damoo,damp,dan,danah,danc,dane,danger,dangl,dani,daniel,daniela,danielli,daniilid,danish,danni,dar,darci,dare,darl,darrel,darren,dart,daryl,dash,date,daughter,daunt,dave,davenport,daveport,davey,davi,david,davydenko,dawdl,dawn,dawson,day,dayer,dazzl,de,dea,deacon,dead,deadlin,deadlock,deafen,deal,dealt,dean,dearli,death,debat,debri,debrief,debt,debut,dec,decad,decathlet,decemb,decent,dechi,decid,decim,decis,deck,decker,declar,declin,deco,decor,decorum,decre,dedic,deduct,deed,deem,deep,deeper,deepli,defam,defar,defeat,defenc,defend,defens,defiant,deficit,definit,deflat,deflect,deft,defus,degre,dehiba,dein,deirdr,dejan,deject,dejen,del,delaigu,delaney,delay,deleg,delgado,delhi,deliber,delight,deliv,deliveri,dellap,delman,delray,demand,dementieva,demis,democraci,demolish,demolit,demonstr,demot,dempsey,den,deni,denis,denmark,denni,dent,deon,depart,departur,depend,deplet,deploy,depriv,depth,deputi,deputis,der,derail,derartu,derbi,derek,derisori,dermot,derval,desailli,describ,descript,desert,deserv,deservedli,design,desir,despair,despatch,desper,despit,despond,destin,destini,destroy,destruct,detail,detect,detector,determin,detriment,deuc,dev,devast,develop,devil,devis,devoid,devonish,dew,dg,dhaka,dharamsala,dharamshala,dheeraj,dhoni,di,diagnosi,diagon,dialogu,diamond,dian,diatrib,dibaba,dick,dicken,dickov,dictat,dictatorship,didier,die,diego,differ,difficult,difficulti,dificil,dig,digicel,dignifi,digniti,dilemma,dilig,dimanch,dimech,diminut,dimiss,dimitar,dimitrakopoulo,dimitri,din,dinara,dinesh,dink,dinkessa,dinner,dion,diop,dip,diplomat,dippenaar,dire,direct,director,disabl,disadvantag,disagr,disagre,disallow,disappear,disappoint,disarray,disast,disband,disc,disciplin,disciplinari,disclos,discomfort,discont,discov,discu,discuss,disgrac,disguis,disgust,dish,dishearten,dislodg,disloy,dismal,dismantl,dismay,dismiss,disorgan,dispatch,dispens,displac,display,dispos,disput,disqualifi,disquiet,disreput,disrespect,disrupt,distanc,distin,distinct,distract,distribut,district,dive,divert,divid,dividend,divis,dj,djhone,djibril,djimi,dmitriy,do,doak,docherti,doctor,dodd,dodg,dog,doha,doherti,dokic,doldrum,domest,domin,dominguez,dominici,dominik,don,donat,doncast,done,donnacha,donnelli,donni,door,doordarshan,doosra,dope,doriv,doriva,dorp,dose,dot,doubl,doubt,doubter,dougi,dougla,dour,dowd,down,downfal,downpour,downsid,downsiz,downturn,downward,dowu,doyl,dozen,dr,drab,draft,drag,dragan,dragon,dragonhood,drain,drama,dramat,dravid,draw,drawn,dream,dredg,dress,drew,dri,driano,dribbl,drift,drill,drink,drip,driscol,drive,driven,driver,drogba,drop,drought,drove,drug,drunken,du,dual,dubai,dublin,duck,duckworth,dudek,dudley,due,duff,duffer,duffi,dug,dugarri,duleep,duli,dulko,dull,dumbarton,dummi,dump,dunbar,duncan,dunde,dunfermlin,dunk,dunn,dunwoodi,duo,durban,durham,dusti,dutch,dutchman,duti,dwain,dwan,dwarf,dwayn,dwell,dyer,dynam,e,ea,eaa,eact,ead,eadi,eadingley,eager,eagerli,eagl,eal,eamonn,ean,eanwhil,ear,earlier,earmark,earn,earnshaw,earpiec,eas,easi,easier,easiest,easili,east,easter,easterbi,eastern,eat,eath,ebb,ebou,ebrahim,ecb,ecent,ech,echni,echo,eckham,eclips,econd,econom,ed,eddi,edelman,edg,edgbaston,edgi,edinburgh,edit,edith,edmondson,edro,edu,educ,edward,ee,eenag,eeper,eerdeken,efa,efer,efere,effect,effici,effort,effortlessli,efiant,efor,egardless,egendari,egg,eghann,egypt,egyptian,ehmann,ehsan,eic,eicest,eid,eidur,eight,eighth,eighti,eindhoven,einhoven,eir,eish,eject,el,elbourn,elbow,elect,electr,electron,eleg,element,elen,elena,eleni,elestin,elev,eleven,elgian,elgin,elhorga,elia,elig,elimin,elit,eliud,elizabeth,ella,ellami,elland,elleri,elli,elliott,ellison,elport,eltic,elton,elud,elus,email,embark,embarrass,embrac,embroil,embu,emerald,emerg,emerick,emerton,emil,emilio,emir,emmanuel,emot,empass,empathi,emphas,emphasi,emphasis,emphat,employ,employe,empti,emul,en,enabl,encapsul,enckelman,enclosur,encount,encourag,end,endors,endur,energet,energi,energis,enforc,eng,engag,engend,enger,engin,england,english,englishman,enhanc,enitez,enjoy,enlighten,enlist,enliven,enman,enni,ennif,ennon,enorm,enqvist,enrag,enri,ens,enson,ensu,ensur,ent,enter,enteri,entertain,enthral,enthus,enthusiasm,entic,entir,entri,enu,envelop,environ,enya,eod,eoff,eopl,eough,ephedrin,epic,epitestosteron,epitomis,eplac,eplak,epo,epubl,equal,equalis,equat,equip,equival,era,eraint,eras,erbi,erdeken,erdinand,erena,erfurt,erguson,eric,eriksson,erinl,erlich,ermani,ermott,ernando,ernest,eroy,errard,errat,erri,error,ersist,erugini,ervin,es,escal,escap,esotho,espanyol,especi,esper,espit,essenti,essex,essien,esson,est,estabilidad,establish,estamo,estat,esteem,estim,estonia,esult,et,etchi,eteran,ethic,ethiopia,ethiopian,etho,eto,etr,ettori,euan,euell,euro,europ,european,evacu,evalu,evan,evas,eve,even,evenli,event,eventu,everest,everitt,everton,everybodi,everyon,everyth,evid,evidentiari,evin,ew,ewcastl,ewe,ewel,ewi,ewitt,ewli,ewood,ex,exactli,exagger,examin,exampl,excel,except,excess,exchang,excit,exclaim,exclus,excus,execut,exercis,exert,exet,exhaust,exhibit,exhilar,exil,exist,exit,exoner,expand,expans,expect,expenditur,expens,experi,experienc,experiment,expert,expertis,expir,explain,explan,explod,exploit,explor,explos,expos,express,ext,extend,extens,extent,extern,extinguish,extra,extrem,exuber,eychel,eye,eyebrow,eyton,f,fa,fa\,fabien,fabiola,fabrega,fabric,fabriciu,fabul,face,fact,factor,fade,fadiga,fai,fail,failur,faint,fair,fairer,fairli,fairway,faith,fake,falcon,fall,fallen,fallibl,fallout,fals,falter,fame,famili,familiar,famou,famous,fan,fanci,fantast,far,farc,fare,farewel,farhat,faria,farina,faro,farrel,fascin,fashion,fast,faster,fastest,fate,father,fatigu,faulkner,fault,faultless,fava,favour,favourit,fawcett,fax,fay,fayettevil,faze,fazela,fc,fcf,fear,fearsom,feat,feather,featur,februari,fed,feder,federico,fedorova,fee,feed,feel,feet,feign,feint,felgat,feliciano,felip,felix,fell,fellow,felt,femal,fenc,fend,fenerbahc,fensao,feofanova,ferdinand,ferguson,fern,fernandez,fernando,feroc,feroci,ferreira,ferrero,fervent,festiv,fetch,fete,feud,fewest,feyenoord,ffc,fh,fianc,fiance,fiction,fiddl,field,fielder,fierc,fieri,fiesta,fifa,fifth,fifti,fight,fightback,figo,figur,fiji,fil,filderstadt,file,fill,film,final,finalis,finalist,financ,financi,find,findlay,fine,finest,finger,finish,finland,finlay,finnan,fipro,fire,firefight,firework,firm,firmli,first,firstli,fish,fist,fiszman,fit,five,fix,fixtur,fizzl,flair,flak,flamboy,flame,flamini,flank,flanker,flare,flash,flashpoint,flat,flatman,flatter,flavia,flavio,flaw,flaxse,fledg,fledgl,flee,fleme,fletcher,flew,flex,flexion,fli,flick,flight,flimsi,flintoff,flo,float,flood,floor,flop,flore,florent,florentino,florian,florida,flounder,flourish,flow,flower,flown,floyd,flu,fluent,fluentli,fluf,fluid,flurri,flush,flutter,focu,focus,focuss,foil,fold,foley,folklor,follow,food,fool,foolish,foot,footag,footbal,foothil,footwork,foray,forc,ford,fore,forearm,forecast,forefront,forehand,foreign,foresight,forest,forfeit,forg,forget,forgiv,forgot,forgotten,form,formal,format,former,formerli,forrest,forster,fortey,forthcom,forthright,fortnight,fortuit,fortun,forum,forward,foster,foudi,fought,foul,foundat,founder,four,fouri,fourth,fowler,fraca,fraction,fractur,frame,framework,frampton,fran,franc,franca,francai,francesca,franci,franciqu,francisco,franck,frank,frankfurt,franki,frankli,frantic,fraser,fratton,fray,frazier,freak,freddi,freder,frederick,free,freed,freedom,freefal,freeli,freeman,freez,french,frenchman,frenchwoman,frenet,frenzi,frequent,fresh,freshest,freshli,fri,friday,friedel,friend,friendli,frighten,fring,frisk,front,frost,frozen,frustrat,fter,fuel,fulfil,fulham,full,fullarton,fuller,fulli,fullish,fumbl,fume,fun,function,fund,fundament,fundamentalist,funni,furi,furiou,furnitur,furthermor,futur,g,ga,gabba,gabbidon,gabriel,gaddafi,gael,gaffer,gagandeep,gaillard,gain,gaizka,galactico,galan,gall,galla,gallach,gallantri,galmier,gama,gambhir,gambl,game,ganar,gandhi,gandula,gandulla,ganguli,gap,gara,garcia,garciaparra,garden,gardner,gareth,gari,garrido,garro,gasp,gassi,gaston,gate,gather,gatland,gatlin,gaucci,gaudio,gautam,gavaskar,gave,gavin,gayl,gb,ge,gear,geari,gebr,gebremariam,gebrselassi,ged,gee,gel,gelet,gell,gem,gener,genesi,geneti,geneva,gentl,genuin,geoff,geoffrey,geordan,geordi,georg,georgia,ger,geraint,gerald,geraldin,gerard,gerber,geremi,germain,german,germani,gerrard,gestur,get,gethin,gettabl,gevaert,ghai,ghana,gharafa,gharib,gianfranco,gianluca,giannakopoulo,giant,gibb,gibson,giddi,gift,gigant,gigg,gilbert,gilchrist,gile,gilhaney,gill,gillespi,gilli,gillick,gillingham,gilmar,giordano,girl,girvan,gisbergen,gisela,giteau,give,giveaway,given,glad,gladli,gladston,glamorgan,glamour,glanc,glare,glasgow,glaxo,glazer,gleeson,glen,glenn,glide,glimmer,glitter,gloat,global,gloom,gloomi,glori,gloriou,glorious,gloss,gloucest,gloucestershir,glove,gloveman,glow,glynn,gmt,gmt\n,go,goal,goalkeep,goalkick,goalless,goalmouth,goalpost,goalscor,goalward,god,godman,goe,gold,golden,goldfin,golf,golfer,goll,golovin,gomarsal,gone,gonzaelz,gonzalez,gonzalo,gooch,good,goodby,goodison,goon,goran,gordon,got,gough,gouw,govern,grab,grace,graciou,gradi,gradual,graem,graft,graham,granclaud,grand,grandchildren,grandclaud,grant,grasp,grass,grassi,grate,grave,graveney,gravesen,gray,grayson,graz,great,greater,greatest,greatli,greav,greec,greek,green,greenwood,greet,greg,gregan,gregori,gremio,grenada,gretna,grew,grewcock,grey,griffen,griffin,griffith,grime,grin,grind,grindal,grip,gripper,grit,groenefeld,groin,gronkjaer,groom,grosjean,gross,ground,groundsman,groundstrok,group,grow,grown,growth,gruell,gsk,guarante,guard,guardian,guardiola,gudjohnsen,guerrouj,guess,guid,guidanc,guillem,guillermo,guilti,guis,guiy,gul,gulli,gullit,gun,gunawarden,gunnar,gunnel,gunner,gunpowd,guscott,gustard,gustavo,gut,gutsi,guy,gwent,gym,h,haa,habibul,habsudova,hack,haddin,haden,hadn,haematoma,hafeez,hafnarfjordur,hahriar,hai,haifa,hail,haim,hair,hairman,hairstyl,haiti,haka,hal,half,halfway,hall,hallfredsson,halliwel,hallow,halt,halv,ham,hamann,hamburg,hame,hamil,hamilton,hamish,hamm,hammer,hamper,hampshir,hamstr,han,hand,handedli,hander,handicap,handl,handov,hang,hangov,hanklin,hanley,hannel,hansen,hansi,hantuchova,hapless,hapoel,happen,happi,happier,happili,haq,harapova,harar,harbhajan,harbour,hard,hardcourt,harden,hardenn,harder,hardest,hardli,hardwick,hare,harel,harinordoquy,harl,harlequin,harley,harlton,harm,harmison,harmoni,harper,harri,harrier,harrison,harsh,hart,harti,hartlepool,hartson,hasan,hash,hashemian,hashim,haslam,hassal,hassan,hassel,hasselbaink,hat,hate,hatley,haughton,haul,haunt,have,hawkpoint,hawn,hay,hayden,hayley,haystead,hayward,hazel,head,head\n,headbut,headbutt,header,headi,headingley,headlin,headquart,heahan,heal,health,healthi,heap,hear,heard,hearer,heart,heartbeat,heartbreak,heat,heath,heather,heavi,heavier,heavili,hectic,heel,heerenveen,heff,hefti,height,heikkinen,heineken,heintz,heinz,heir,held,helen,helguera,hell,hellen,hello,helm,helmet,help,helpless,helsea,helsinki,hemispher,hen,henchoz,henderson,henin,henk,henley,henman,hennigar,henri,henrik,henson,hepkemei,heptathlon,herald,hercu,heringsdorf,hermann,hernia,hero,heroic,herron,herschel,herself,hertfordshir,herv,hese,hesit,heslea,hester,hewitt,hey,heyman,hh,hibbert,hiccup,hicham,hickey,hicki,hide,hief,hierro,higdon,high,highburi,higher,highest,highli,highlight,hil,hile,hill,hillip,hillsborough,himach,himalaya,himself,hinckley,hind,hindsight,hindu,hine,hing,hingi,hinshelwood,hint,hip,hird,hire,hisfour,hislop,histor,histori,hit,hitter,hitzlsperg,hkrfu,hmed,hoadley,hoaib,hoddl,hodg,hodgson,hoeft,hog,hogg,hoggard,hohn,hold,holder,hole,holiday,holland,holm,home,homegrown,homesick,hometown,hompson,hondo,hone,honest,honesti,honestli,hong,honiss,honour,hook,hooker,hop,hope,hopman,horan,hore,horgan,horizon,horizont,horn,horner,horp,horrend,horribl,horrif,horror,hors,horsman,hose,hospic,hospit,hossain,hossam,host,hostag,hostil,hot,hotel,hotpot,hottest,houllier,hound,hour,hous,houston,hover,howard,howarth,howe,howitz,hoyt,hrbati,hree,hreidarsson,hrough,huddersfield,hudel,huf,huge,hugh,hugo,huizinga,human,humbl,humid,humil,humili,humor,humour,humphrey,hundr,hung,hungari,hungarian,hunger,hungri,hunt,hurdl,hurdler,hurl,hurri,hurt,hurter,husband,hussain,hussey,huter,hy,hyde,hyderabad,hype,hyster,hyung,hyypia,i,i\d,i\ll,i\m,i\v,iaaf,iaaf\,iaaf\n,iain,ian,ibaba,ibanez,ibehr,ibrox,icc,icc\,ice,iceland,ichael,ichardson,icki,icon,id,iddlesbrough,iddlesex,idea,ideal,ident,identifi,idfield,idier,idol,idoli,idolis,idowu,idriss,ieli,ieron,iestyn,ietersen,ifa,ifab,iffi,ifth,iftikhar,igan,igerian,igg,iggott,ight,ighth,ignacio,ignit,ignomini,ignor,igor,iji,ike,ikoliuna,ilburn,ilchrist,ile,iljoen,ilkington,ilkinson,ill,illan,illeg,illespi,illiam,illog,illston,illus,illustr,illustri,illwal,ilson,ilston,ilton,im,imag,imagin,imanol,imbledon,ime,imitri,immacul,immedi,immens,immers,immigr,immin,immov,impact,impass,imper,imperi,imperson,implement,implic,implor,import,important,importantli,impos,imposs,impress,imprison,improp,improv,impuls,imran,in,ina,inabl,inappropi,inaugur,inauspici,incens,incent,inch,incid,incis,includ,inclus,incom,inconsist,inconveni,incorpor,increas,incred,incumb,incur,ind,indebt,indecis,independ,indi,india,indian,indic,indict,indira,indisciplin,individu,indoor,indsay,industri,ine,ineffect,inelig,inept,inesman,inevit,inexor,inexperi,inexperienc,infam,infect,inferior,infirmari,inflict,influenc,influenti,inform,infrastructur,infring,ing,ingredi,inherit,initi,inject,injur,injuri,innat,inner,inning,innoc,innocu,innov,innuendo,input,inquest,inquiri,insert,insid,insignific,insist,inspect,inspir,instal,instant,instantli,instig,instil,instinct,institut,instruct,instrument,insult,inswing,integr,intellig,intend,intens,intensifi,intent,inter,interest,interim,intermitt,intern,internacion,internazional,interpret,interrupt,interv,interven,intervent,interview,intimid,intoppa,intrepid,introduc,introduct,introvert,inuri,invad,invalu,invect,invent,inver,invest,investig,investor,invigor,invinc,invit,involv,inzamam,io,ioannidi,ioc,ioc\,ion,ipo,ippenaar,ipswich,iqbal,ir,irakli,iran,irani,iranian,irb,ireland,irfan,irfu,irina,irish,irishman,irmingham,iron,ironi,irrelev,irresist,irrespect,irrespons,irrit,irst,isaiah,isinbayeva,isl,islam,island,islero,islop,isra,israel,issac,issu,isten,ita,itali,italian,itamazir,itch,iter,itf,ith,itinerari,itu,ivan,ive,iven,iverpool,iveta,ivo,ivori,iwan,ix,ixway,j,ja,jaarsveld,jaaskelainen,jab,jabaar,jack,jackass,jacket,jacki,jackman,jackson,jacob,jacqu,jade,jadhav,jagielka,jaidi,jail,jaim,jake,jamaica,jamaican,jame,jami,jana,janeiro,janin,jankov,jansen,januari,jaouad,japan,japanes,jar,jarkko,jarosik,jaslyn,jason,jauregi,jauzion,jave,javelin,jax,jay,jayasuriya,jayawarden,jealou,jean,jeanett,jeer,jeff,jeffer,jelena,jen,jena,jenkin,jenni,jeremi,jermain,jerom,jerri,jersey,jerzi,jess,jez,jie,jill,jim,jimmi,jiri,jm,jo,joachim,joanna,joaquin,job,jockey,joe,jog,jogind,johan,johann,johannesburg,johansson,john,johnni,johnson,johnston,joic,join,joint,jointli,joke,jol,jolanda,jole,jolen,jon,jona,jonah,jonatan,jonathan,jone,jonni,jonti,jordaan,jordan,jordi,jose,josep,joseph,josh,joubert,journal,journalist,journey,joy,joyc,joyner,jp,jpr,jrfu,juan,judd,judg,judgement,judgment,judici,judo,jugador,juici,juli,julian,julien,jump,jumper,june,juninho,junior,junto,jurgen,juri,jussi,just,justifi,justin,justyna,jutg,juventu,k,k3,ka,kabba,kabir,kafer,kahn,kaif,kalla,kalli,kallur,kalman,kalua,kalusha,kamal,kamara,kameni,kamran,kaneria,kangra,kansa,kapali,kapil,kaplan,karat,karen,karina,karkouri,karl,karlov,karol,karolina,karthik,kartik,kashmir,kasprowicz,katerina,kathi,katich,kaushal,kavanagh,kay,kean,kearney,keegan,keen,keenan,keep,keeper,kefu,keith,kel,kelli,kemel,kemp,ken,kenenisa,kennedi,kenneth,kenni,kent,kenteri,kenton,kenya,kenyan,kenyon,keothavong,kept,kerr,kerri,kerse,keska,kev,kevin,kewel,key,keyn,kezman,khale,khalil,khan,kick,kickabl,kicker,kid,kiddel,kidney,kiefer,kieli,kieran,kieron,kiki,kilban,kilbrid,kill,killer,kilmarnock,kilometr,kim,kind,kindli,king,kingsholm,kingston,kipchog,kiplagat,kipper,kirsten,kirwan,kishishev,kiss,kit,kitchen,kiwi,klerck,klinsmann,kluft,kluivert,knack,knee,knew,knight,knock,knockout,know,knowingli,knowledg,known,knox,knvb,koeman,koertzen,kofi,koji,kolo,kolpak,kompani,koncheski,kong,kooyong,kop,korchemi,korchemni,korea,korean,kort,korzhanenko,kosta,kostan,kouma,kp,krajicek,krasner,krol,kronberg,kucera,kuerten,kuffour,kumar,kumbl,kuruppu,kuznetsova,kwaky,kwame,kwayk,kyle,l,l\aquilla,l\equip,la,lab,labadz,label,laboratori,labour,lack,lackburn,lacklustr,lad,ladbrok,ladder,ladi,lagan,lagat,laharragu,laid,lakomski,lakshmipathi,lama,lambast,lambert,lamboley,lamont,lampard,lan,lancashir,lanchard,land,lander,landmark,landscap,landsdown,lane,langer,langevedlt,langeveldt,languag,languish,lanka,lankan,lanker,lansdown,lanzarot,lap,laport,laps,lara,laren,larg,larger,largest,larisa,larkin,larn,larsson,lash,lasp,last,latch,late,latest,latham,latter,laud,laudio,laugh,laughter,launch,launder,laurel,lauren,laurent,laursen,law,lawn,lawrenc,lawson,lawsuit,lawyer,laxman,lay,lazer,lazio,lbw,ldham,ldv,le,lead,leaden,leader,leaderless,leadership,leagu,leak,leami,leander,leap,leapt,learn,learnt,least,leather,leav,lebeouf,led,lee,leed,leem,left,leg,legal,legend,legendari,legion,legitim,legsid,lehman,lehmann,leicest,leicestershir,leinster,leipzig,leisur,lena,lend,lendl,length,lengthi,lenienc,lenient,lenn,lennon,leodegar,lesion,lesli,lesotho,lessandro,lesson,lester,let,letharg,letter,leukaemia,level,leverkusen,levi,lewi,lewsey,leyton,li,liabl,libertador,libyan,licenc,lichi,lick,lid,liddel,lie,liebenberg,lievin,lievremont,life,lifelin,lifelong,lifetim,lift,liga,ligament,light,lighten,lightli,like,likeli,likewis,likhotseva,likhovtseva,lima,limit,limp,lincolnshir,lind,lindsay,line,lineout,linesman,linford,linger,link,lintoff,linvoy,lion,lip,lisa,lisbon,lisburn,lissavetzki,lissom,list,listen,listless,lit,lita,liter,littl,live,liven,liverpool,livid,livingston,liz,ljubic,ljungberg,llan,llanelli,llewellyn,lleyton,llister,lloyd,lmunia,lo,load,loan,lob,loc,local,locat,lock,lockwood,loco,lodg,loft,logic,logist,lokuarachchi,lomana,lombard,lomu,london,lone,long,longer,longest,longo,longwel,look,loom,loop,loos,loosehead,loosen,lopez,lord,lorenzo,lorim,lose,loser,loss,lost,lot,lotteri,loucest,loughborough,loui,louis,lovakia,love,low,lower,lowest,loyal,loyalti,lroy,lsewher,lster,lta,lta\,lthough,lua,lub,luca,luciano,lucio,luck,lucki,luckili,lucr,ludov,ludovico,lui,luigi,luivert,lunch,luncheon,lunchtim,lund,lundgren,lung,lupoli,lure,lurk,lusaka,luscomb,luther,luton,luxemburgo,luxuri,lw,ly,lymouth,lympic,lyon,m,ma,mac,maccabi,macdonald,macey,macfadyen,mackay,macken,macki,macqueen,mad,madagascar,madden,madejski,madra,madrid,maduaka,maga,magath,magazin,magdaleena,magdalena,magg,magic,magician,magn,magnet,magnier,magnific,magnitud,magpi,mahbubur,mahela,mahendra,mahmood,mahmud,maiden,mail,main,mainli,maintain,majest,major,make,makelel,maker,makhaya,makofo,malawi,malcolm,maldini,male,maleeva,malici,malik,maliss,mallind,mallorcan,malon,maloney,man,manag,manageri,manchest,mandar,mandat,mandic,mandula,manga,mani,manjur,manjurul,manley,manner,manoeuvr,manolet,mansfield,mantel,manu,manuel,manufactur,maori,map,mapletoft,maradona,marat,marathon,marca,march,marchena,marco,marconnet,marcoussi,marcu,mardi,maregwed,margaret,margin,margot,mari,maria,mariano,maribel,marigni,marin,mario,marion,mariu,mark,marker,market,marko,marlen,marlon,marlu,marri,marseil,marsh,marshal,marta,marten,martin,martinez,martyn,marvel,masai,masakadza,mascot,mashraf,mashud,masi,maso,mass,massiv,massu,master,mastermind,masudi,mat,match,matchwinn,mate,mateja,materi,matfield,math,mathew,mathieson,mathieu,matsikenyeri,matt,matteo,matter,matthew,matur,maul,mauresmo,mauric,mauritiu,mauro,max,maximum,maxwel,mayburi,mayer,mayor,mazi,mbe,mbeki,mc,mcg,meadow,meagr,mean,meander,meaning,meant,measur,medal,medallist,media,medial,medic,medicin,medium,meersseman,meet,mefin,megson,mehrten,mejor,mejorando,mek,melancholi,melani,melbourn,melissa,mellor,melvil,melzer,member,membership,memen,memor,memorandum,memori,memphi,men,menac,mend,mendi,mendieta,mens,mental,mention,merced,mercuri,mere,merica,merican,merit,merritt,merseysid,mervyn,meseret,mesmer,mesmeris,mess,messag,met,metatars,meteor,methat,method,metr,metronom,metropoli,mexican,mexico,mezagu,mi,mia,miami,miandad,micah,michael,michaella,michalak,michali,michel,mick,micro,mid,middl,middlesbrough,midfield,midland,midnight,mido,midst,midway,midweek,midwicket,mighti,mignoni,mikael,mike,mikel,mikhail,mikoliuna,milan,milburn,mile,mileag,mileston,milit,militari,milkman,mill,millar,millennium,miller,million,millman,millmoor,milloud,millwal,millward,milner,milss,milton,minar,mind,mindless,mindset,mine,mini,minist,minnow,minor,minu,minut,miracl,mirco,miresmaeili,mirnyi,mirror,mirza,misconduct,miscount,miscreant,misdemeanour,misdirect,miser,miseri,mishap,misjudg,mislead,mismanag,misplac,misread,miss,missil,mission,mistak,mistakenli,mistim,misunderstand,misus,mitchel,mith,mix,mixtur,mladenov,mo,modafinil,model,modern,modest,modif,modifi,moffat,mohali,mohammad,mokoena,molbi,mole,molefi,molik,molin,molloy,moment,momentum,monaco,mond,monday,money,monfil,mong,monica,monitor,monotoni,monteiro,montenegro,montgomeri,month,montpelli,mony,mood,moodi,moor,moorcroft,moot,mop,moral,moreira,morgan,morient,morkel,morn,moroccan,morocco,morpeth,morri,morrison,morrow,mortaza,mortgag,morti,morton,moseley,mother,motherwel,motiv,motor,motorbik,motorcycl,motorcyl,mottram,mould,mount,mountain,mourinho,mourn,movabl,move,movement,moxey,moy,moya,mozambiqu,mpofu,mri,mucho,mud,muddl,muhammad,muhidin,mulhous,mullen,multi,mum,mumbai,muna,munich,munoz,munro,munster,munsterman,mupariwa,murali,muralitharan,murambadoro,murder,murki,murphi,murray,murrayfield,musampa,muscl,mushfiqu,mushfiqur,musician,musselburgh,mutola,muttiah,mutu,mutual,mutv,muy,mv,myerscough,myskina,mysteri,mystifi,myth,n,n\gotti,na,nacho,nadal,nade,nadia,nadu,nafe,nafi,nafter,nagainst,nagl,nagpur,nail,nailbit,naiveti,nake,nalbandian,nalso,name,namibia,namiremb,nandrolon,napier,nappear,nappi,narbonn,narcolepsi,nare,narrow,narrowli,nasdaq,nask,nasser,nasti,nate,nathali,nathan,nation,nationwid,nativ,natur,nave,navratilova,naysmith,nazmul,nbeat,nc,ncic,nclaim,ncomfort,ncontinu,ncould,nd,ndeliv,nder,nderson,ndi,ndia,ndian,ndid,ndismantl,ndolanga,ndre,ndrew,ne,neal,near,nearbi,nearli,neat,neath,neatli,necessari,necessarili,neck,nedg,need,needlessli,neeraj,neesken,neg,neglect,negoti,negra,nehra,nei,neighbour,neil,neill,nel,nelka,nelsen,nelson,nemeth,neri,nerv,nervelessli,nervi,nervou,nest,net,netherdal,netherland,network,nevil,newcastl,newcom,newcomb,newey,newland,newli,newport,news,newspap,nfail,nfinish,nfought,ngland,nheld,nhome,ni,nia,nibbl,nice,nicer,nichol,nick,nicki,nicknam,nicoal,nicol,nicola,niekerk,nieminen,nigel,nigeria,nigerian,niggl,night,nightclub,nightmar,nike,nikitina,nikolay,nil,nin,nine,ninth,nip,nirupama,nistelrooy,nite,nitoglia,njoie,njure,nkick,nkrumah,nled,nmade,nmark,nnext,noam,nod,noe,noel,nof,nois,nolan,nolberto,nomar,nomin,nomine,nonchantli,nonsens,noon,nordt,norfolk,normal,norman,north,northampton,northamptonshir,northern,norway,norwich,nose,notabl,notch,note,noth,nother,notifi,notori,nott,nottingham,nottm,nou,nought,novemb,novo,nowaday,nowher,npower,nqualifi,nreceiv,nremain,nroe,nseed,nshow,nso,nspire,nstorm,nstretch,nsurviv,ntee,ntimban,ntini,ntook,ntosh,nudg,number,numer,nunez,nurtur,nut,nutrit,nw,nwa,nwelcom,nwho,nwon,ny,nyanga,nz,nz$1,nz\n,nzamam,nzc,nzogbia,o,o\brien,o\callaghan,o\connel,o\connor,o\driscol,o\gara,o\kelli,o\leari,o\neil,o\rourk,o\shea,o\sullivan,oach,oakley,oalscor,ob,obafemi,obben,obbi,obikwelu,obinson,oblig,obligatori,obrien,observ,obsess,obson,obstacl,obtain,obua,obviou,obvious,oc,ocallaghan,occas,occasion,occup,occupi,occur,och,ochillo,ociedad,oconnel,oconnor,octob,odd,oddick,oddl,odgson,odriscol,oel,of,off,offali,offenc,offend,offens,offer,offic,offici,offsid,og,ogara,oger,oggard,ohali,ohammad,ohn,ohnni,ohnson,oil,oje,ok,okay,okayo,oke,okelli,okken,okocha,okun,ol,olanda,old,older,oldest,oldham,ole,oleari,olga,olgan,oliph,oliv,olivi,olland,olli,ollin,ollock,olm,olo,olsson,olton,olv,olymp,olympiako,olympian,om,omar,ome,omen,omerset,ometh,omin,omiss,omit,onald,onaldinho,onan,oncheski,onchita,ondon,one,oneil,ong,ongaro,ongo,onia,onnel,onni,onnor,onrush,onsid,ont,ontong,ontroversi,onuoha,onward,oodi,ooker,oon,ooney,op,open,opensid,oper,opera,opin,opinion,oppon,opportun,oppos,opposit,oppress,opt,optim,optimist,option,orak,oram,oran,orchestr,ordeal,order,ordin,ordinari,ore,organ,organis,orient,origin,orlando,orld,ormack,ormer,ormerod,ormick,oro,orquera,orr,orrison,orthampton,orthern,orthodox,orton,ortsmouth,orward,orwich,osasuna,osborn,ose,osentowski,osman,osprey,oss,osta,oster,osullivan,osvelt,oth,otherham,ottenham,ottingham,ou,oubl,ougal,ougeri,ougla,oullier,oulous,ouness,ountney,ourav,ourinho,ournemouth,ourth,oust,out,outburst,outcom,outdoor,outfield,outfit,outgo,outh,outhampton,outing,outlast,outlin,outmuscl,outpac,outplay,outright,outset,outsid,outsprint,outstand,outwardli,oval,ovat,oventri,over,overal,overaw,overcam,overcom,overdr,overhaul,overhead,overlap,overlook,overnight,overpitch,overreact,overse,oversea,overshadow,oversight,overstep,overtak,overtaken,overtook,overturn,overweight,overwhelm,overwhelmingli,overwork,ovett,ow,oward,owe,owen,owev,owler,own,owner,owson,owusu,owyer,oxymoron,oy,oya,oyedel,oyepitan,oyn,ozambiqu,ozia,p,pace,pacemak,paceman,pacemen,paci,pack,packag,packer,pacquett,pad,paddi,padova,pae,page,paic,paid,pain,paint,pair,pak,pakistan,pakistani,palac,palanca,palat,palepoi,palermo,palio,palm,palmer,paltri,pamarot,panagopoulo,panel,panic,panish,panyangara,paolo,pap,papa,papadoyiannaki,pape,paper,paphiti,papp,par,para,parab,parad,paradorn,paragon,paraguay,parallel,parcel,parent,pari,parisian,pariss,pariti,park,parker,parliament,parlour,parma,parmar,parnabi,parr,parri,part,parthiv,parti,partial,particip,particular,particularli,partido,partizan,partizani,partli,partner,partnership,partridg,pascal,pasco,pass,passag,passion,passiv,past,pat,patch,patchi,patel,paterson,path,pathan,pathet,patienc,patient,patrick,patrik,patronis,pattaya,pattern,patti,pattison,paul,paula,paulista,paulo,pauls,paus,pave,pavel,pavement,pavey,pavilion,pay,payment,payn,pe,peac,peacemak,peak,peaktim,pearson,peck,pector,pedal,pedersen,pedigre,pedrazzi,pedro,peel,peform,peg,pekerman,pel,pellegrino,pelou,pelt,pen,penalis,penalti,penchant,pend,pendulum,pene,penetr,pennant,pennetta,penney,penni,pentathlon,penultim,peopl,pepito,pepol,pepper,perceiv,percent,percentag,perci,perenni,perez,perfect,perfectli,perform,peril,perimet,period,perish,perman,permiss,permit,pero,perpignan,perreira,perri,persecut,persi,persico,persist,person,personifi,personnel,perspect,persson,persuad,perth,peru,perugia,perugini,peruvian,pessimist,pester,pete,peter,peterborough,peterhead,petit,petr,petra,petri,petrov,petrova,petruzzella,petul,phalanx,pharaoh,pharmaceut,phase,phenomen,phil,philadelphia,philip,philipp,philippoussi,phillip,philosophi,phone,photo,photograph,phrase,physic,physio,physiotherapist,physiqu,pick,pictur,piec,pierc,pierr,pieter,pietersen,pile,pilkington,pin,pinch,pinnacl,pinpoint,pip,pire,pirouett,piston,pit,pitch,pitfal,piti,pittman,pizza,place,plagu,plain,plaisir,plan,plane,plank,plant,plaster,plastic,plate,platform,plaudit,play,player,playground,playmak,plea,plead,pleas,pleasur,pledg,plenti,plessi,pleurisi,plot,plough,plu,plug,plum,plumb,plunder,plung,plymouth,poach,pobreza,podemo,podium,pognon,point,pointer,pointless,pois,poke,poland,pole,polic,polici,polish,polit,poll,pollard,polli,pollock,pom,pompey,ponder,pongol,pont,pool,poor,poorli,pop,popham,popular,port,portland,porto,portsmouth,portug,portugues,pose,posibl,posici,posit,possess,possibl,post,postpon,pot,potchefstroom,potenc,potenti,potito,potter,pouch,pounc,pound,pountney,pour,poverti,powar,powder,powel,power,powergen,pox,pozzebon,pparent,pr,practic,practis,pradesh,pragmat,prais,prank,pratap,pratt,pre,precautionari,preced,precis,predat,predecessor,predica,predict,predomin,preez,prefer,preliminari,prem\n,prematur,premier,premiership,premiershp,prepar,presenc,present,presid,press,pressur,pressuris,prestig,prestigi,preston,pretoria,pretti,prevail,prevent,preview,previou,previous,prey,price,pride,primari,prime,primera,primu,princ,princip,principl,printer,prinz,prior,prioriti,priscott,prise,prison,privat,privileg,prix,prize,probabl,probe,problem,problemat,probyn,proce,procedur,proceed,process,proclaim,prod,prodigi,produc,product,profess,profession,professor,profil,program,programm,progress,prohibit,project,prolif,prolong,promin,promis,promot,prompt,promptli,prong,proof,prop,proper,properli,properti,proportion,propos,proposit,propostit,prosecut,prosecutor,prospect,prosper,protect,proteg,protest,protract,proud,proudest,prove,proven,provid,provinc,provinci,provision,proviso,provoc,proxim,prso,prutton,ps,psg,psv,pswich,psych,psycholog,psychologist,public,publicis,publicli,publish,puerto,puf,pugh,pull,pulsat,pulveris,puma,pummel,pump,punch,puncheon,punctuat,pundit,punish,punt,punter,punto,pur,purchas,purdi,pure,purist,purkiss,pursu,pursuit,push,put,puzzl,qatar,qpr,qualif,qualifi,qualiti,quarter,quartet,quashi,que,queen,queenstown,quell,quest,question,queudru,queue,quick,quicker,quickest,quickfir,quickli,quiet,quietli,quinci,quinlan,quinn,quinton,quip,quit,quittenton,quot,quota,r,rabah,race,racecours,racer,racewel,racial,racism,racist,rack,racket,rad,radar,radcliff,radeb,radek,radi,radic,radio,radiu,rae,raelen,raem,rafa,rafael,rafiqu,rafter,rag,rage,raham,rahdi,rahim,rahman,rahul,raid,rail,railway,rain,raina,rainer,rais,raiwalui,rajin,rake,ralli,ram,rambl,ramesh,ramnesh,rampant,ran,rana,ranc,randel,randt,rang,ranger,ranian,ranieri,rank,rankin,ransfer,rao,rap,raphael,rapid,rapidli,rare,rariti,rash,rashli,rasmussen,rasner,rasp,rate,rath,ratifi,rattl,raucou,raul,rauluni,ravag,ravesen,raw,rawalpindi,rawaqa,rawlinson,rawlison,ray,raymond,razzaq,rb,rchibald,reach,react,reaction,read,readi,real,realis,realism,realist,realiti,realiz,realli,realm,ream,reap,rear,reason,reassert,reassess,reassur,reat,rebel,rebner,rebound,rebuild,recal,recaptur,receipt,receiv,recent,recept,recharg,recipi,reciproc,reckless,recklessli,reckon,reclaim,recognis,recommend,record,recours,recov,recoveri,recrimin,recruit,rectifi,recuper,recurr,red,redempt,redgrav,rediscov,redknapp,redpath,redress,reduc,reduct,ree,reebok,reek,reel,ref,refer,refere,reflecion,reflect,reflex,refrain,refresh,refund,refus,refut,reg,regain,regan,regard,regim,region,regist,regor,regori,regret,regul,regular,regularli,rehab,rehabilit,rehears,reid,reign,reignit,reihana,reina,reinforc,reinstat,reintroduc,reiter,reizig,reject,rejoin,rel,reland,relat,relationship,relax,relay,releas,releg,relentless,relev,reli,reliabl,relief,reliev,relish,remain,remaind,remark,remedi,rememb,remi,remier,remiership,remind,remiss,remon,remonstr,remot,remov,rench,rendon,renew,renn,rennan,renni,rennick,renown,rentford,reopen,repaid,repair,repay,repeat,repeatedli,repel,repercuss,repertoir,repetit,replac,replay,repli,repons,report,reportedli,repres,represent,repriev,reprimand,republ,reput,request,requir,reschedul,rescothick,rescu,research,resembl,reserv,resign,resili,resist,resolut,resolv,resourc,respect,respond,respons,responsibilti,rest,restart,restless,reston,restor,restrain,restrict,result,resum,resumpt,resurg,resurrect,retain,retali,retent,rethink,retir,retreat,retriev,return,reuter,revamp,reveal,revel,reveng,revenu,rever,revers,review,revis,reviv,revolt,revolutionis,reward,rey,rfc,rfu,rgentina,rhi,rhino,rhode,rhythm,ri,rian,rib,ricardo,rice,rich,richard,richardson,richi,richli,richter,rick,rickett,ricki,rico,ricochet,rid,riday,ridden,ride,ridicul,rie,riedel,riffin,rifl,rift,riggott,right,rigney,rigobert,rigor,rigour,riis,rijkaard,riksson,riley,rinaldi,ring,rinu,rio,riot,rip,rise,risen,rish,risk,riski,ritain,ritchi,ritic,ritish,rival,rivaldo,rivalri,riversid,rjen,rmk,road,roast,rob,robben,robbi,robert,roberta,roberto,robertson,robin,robinho,robinson,robredo,robson,robust,roch,rochdal,rochu,rock,rocket,rod,roddam,roddi,roddick,rodick,rodney,rofe,rogba,roger,rogg,roland,role,roll,rollercoast,rollo,rom,roma,roman,romania,romanian,romant,rome,romp,ronald,ronaldinho,ronaldino,ronaldo,ronan,ronj,ronni,roof,room,rooney,roost,root,rope,roqu,rori,rose,rosenborg,ross,rossouw,rot,rotat,rotherham,rotterdam,roubl,rougeri,rough,round,rounder,rous,rout,routin,rover,rovid,row,rowan,rowntre,roy,royal,royc,rsenal,rsene,ru,rub,rubber,rubbish,ruck,ruddock,rude,rudolph,rudra,rue,ruffl,rug,rugbi,ruin,rule,rumbl,rumour,run,runaway,rund,runner,runway,rupert,rusedski,rush,russel,russia,russian,rust,ruthless,rutto,ruud,ryan,ryde,ryman,s,s&#227o,sa,sa\n,saah,sacchi,sachin,sack,sacrific,sacrosanct,sad,sadli,safa,safe,safeguard,safeti,safin,safina,saga,saha,sahariar,said\n,sail,sainsburi,saint,sakhnin,salari,sale,saleh,salient,salim,salli,salman,salmon,saltir,salvag,salvat,salvo,sam,samantha,samaria,samba,sami,samoa,sampl,sampra,samuel,san,sanath,sanction,sanderson,sangakkara,sania,santand,santini,santoro,sap,sapporo,saqib,saracen,sarah,sarcast,saretta,sarwan,sat,satellit,satisfact,satisfactori,satisfactorili,satisfi,saturday,satyajit,sauliu,saulnier,saunder,saux,sav,savag,savant,save,savour,saw,say,sc,scale,scalp,scamper,scan,scandal,scandinavia,scanlon,scapegoat,scar,scare,scari,scarlet,scaveng,scenario,scene,schalk,schedul,scheme,schiavon,schmeichel,schnyder,schofield,schole,school,schoolboy,schubert,schuettler,scientif,scintil,scissor,scoop,scoot,scooter,scorch,score,scoreboard,scoreless,scorelin,scorer,scoresheet,scot,scotch,scotland,scott,scottish,scrag,scrambl,scrap,scrappi,scratch,scratchi,scream,screen,screw,scrichapan,scrum,scrummag,scrutini,scuf,scunthorp,scuttl,se,sea,seal,seam,seaman,seamer,sean,sear,search,season,seat,seaview,sebastian,sebastien,second,secreci,secret,secretari,secretli,section,secur,see,seed,seek,seemingli,seen,sega,sehwag,seiz,sele,select,selector,self,selfish,selima,sell,sella,semi,send,sendero,senegales,senior,sens,sensat,sensibl,sent,sentenc,sentiment,sentinel,separ,sepp,septemb,sequenc,serbia,serena,serg,sergeant,seri,seriou,serious,serv,servat,servic,session,set,setback,setter,settl,settlement,sevasti,seven,seventh,sever,sevil,sevilla,sex,sexual,seychel,sfa,sfar,sfx,shabbir,shackl,shade,shadow,shafaq,shahadat,shaharyar,shahid,shaka,shake,shaken,shalabi,shall,shame,shamil,shamsur,shane,shankar,shanklin,shannon,shape,sharad,sharapova,share,sharehold,sharif,shark,sharma,sharp,sharpen,sharper,shatter,shaughnessi,shaun,shave,shaw,shay,shdown,sheahan,shearer,shed,sheehan,sheen,sheer,sheet,sheffi,sheffield,shehata,shelf,shelford,shepherd,sheridan,sherman,sherwood,shevchenko,shi,shib,shield,shift,shilton,shimang,shine,shiniwatra,shinobu,ship,shirt,shiver,shley,shoaib,shock,shoe,shogun,shola,shook,shoot,shop,short,shortag,shorten,shortfal,shortli,shortlist,shortstop,shot,shoulder,shout,shove,show,showdown,shower,shown,showpiec,shrewd,shrewsburi,shrug,shudder,shut,sibanda,sibierski,side,sidelin,sidoli,sieg,siet,sigh,sight,sighter,sign,signal,signifi,signific,sika,silenc,silent,silli,silva,silver,silverwar,silverwood,silvestr,silvia,sim,similar,similarli,simmer,simon,simpl,simpler,simplest,simpli,simplifi,simpson,sin,sinama,sincer,sinclair,sinderberri,sing,singh,singl,sink,sir,siro,sister,sit,site,sititi,situat,sivright,six,sixth,size,sizeabl,skew,skid,skil,skill,skinner,skip,skipepr,skipper,skivington,sky,skyscrap,sl,slack,slam,slap,slash,slaughter,slavishli,sleev,slender,slice,slid,slide,slight,slightli,slim,slip,slipstream,slog,slogan,sloppi,slot,slough,slovak,slovakia,slovakian,slovenia,slovenian,slow,slower,slowest,slowli,sluggish,slumber,slump,smack,small,smaller,smart,smarter,smash,smashnova,smear,smertin,smicer,smile,smit,smith,smoke,smooth,smoothli,smother,smuggl,snack,snaffl,snake,snap,snapshot,snatch,snedden,snif,snuf,soak,soar,social,socied,sociedad,societi,sock,soderl,sodj,soft,soil,sol,solanki,solano,sold,sole,solent,solicitor,solid,solo,solskjaer,solut,solv,somebodi,somehow,someon,somerset,someth,sometim,somewhat,somewher,son,song,sonni,soon,sooner,soper,sophist,sore,sorrel,sorri,sort,sotherton,sought,soul,sound,souness,soup,sour,sourav,sourc,south,southampton,southern,southgat,southwel,soviet,sowden,sown,space,spade,spadea,spain,spaniard,spanish,spar,spare,sparingli,spark,sparkl,spasm,spat,spate,speaight,speak,spear,spearat,spearhead,special,specialis,specialist,specif,specimen,spectacl,spectacular,spectacularli,spectat,spector,specul,speed,speedi,spell,spend,spent,spice,spici,spikey,spill,spin,spinal,spine,spinner,spiral,spirit,spite,splice,split,spoil,spoke,spoken,spokesman,spokesperson,sponsor,sponsorship,spontan,spoon,sport,sportsman,sportsweek,sportswoman,spot,spotlight,sprain,sprang,sprawl,spread,sprem,spring,springbok,sprint,sprinter,spun,spur,spurn,squad,squander,squar,squeez,sri,srichaphan,sridharan,sriram,sru,sson,st,stabil,stabilis,stabl,stack,stade,stadium,staff,staffordshir,stage,stagnat,stain,stake,stakehold,stale,stalem,stalk,stall,stalwart,stamford,stamp,stan,stanc,stand,standard,standbi,standout,standpoint,staniforth,stanley,stanozolol,star,starac,stare,start,starter,stat,state,statement,staten,static,station,statist,statu,statur,stavang,stay,stead,steadfastli,steadi,steadili,steam,steaua,steel,steer,stefan,stefano,stefanov,steinmetz,stelio,stellar,stem,step,stepanek,stephan,stephani,stephen,sternest,steroid,steve,steven,stevi,stewart,steyn,stick,stiff,stilian,stilt,stimpson,stimul,stint,stipul,stir,stirl,stock,stockholm,stockport,stoddart,stoica,stoke,stole,stollmey,stomach,ston,stone,stood,stop,stopper,stori,storm,stormi,stosur,strachan,stradey,straight,straighten,straightforward,strain,strang,strangest,stranglehold,strata,strategi,strauss,stray,streak,streaki,streakili,stream,street,strength,strengthen,stress,stretch,strict,stride,strider,strike,striker,string,stringer,stringfellow,strip,strive,strode,stroke,strokeplay,strokosch,stroll,strong,stronger,strongest,stronghold,strongli,struck,structur,strudwick,struggl,struggler,stuart,stubb,stubborn,stuck,student,studi,stuff,stumbl,stump,stun,stung,stunt,stupid,sturrock,stutter,stuttgart,style,stylishli,styri,sub,subdu,subject,sublim,submit,subsequ,subsid,substanc,substanti,substitut,succeed,success,successor,succumb,sucess,sudan,sudden,suddenli,suffer,suffici,suggest,sugiyama,suit,sum,summer,summit,sumptuou,sun,sunami,sunday,sunderland,sunil,super,superb,superbl,superior,superstar,supervis,supplement,suppli,support,suppos,supposedli,suprem,sure,suresh,surfac,surg,surgen,surgeon,surgeri,surpass,surplu,surpris,surprisingli,surreal,surrend,surrey,surround,survey,surviv,survivor,susan,suspect,suspend,suspens,suspici,suspicion,sustain,sutherland,sutton,sven,svensson,sveta,svetlana,sw,sw19,swagger,swain,swansea,swap,swat,sway,swaziland,swede,sweden,swedish,sweeney,sweep,sweeper,sweet,sweeter,sweetest,swell,swept,swerv,swift,swiftli,swindon,swing,swipe,swiss,switch,switzerland,swoop,swung,sydney,sylvain,symbol,symond,sympathi,sympathis,synthet,system,szilard,t,tabacco,tabl,tackl,tactic,tag,taibu,taifa,taik,tail,tailend,taint,taipei,tait,take,taken,takeov,taker,takla,talal,talbot,talent,tali,talk,talker,talksport,talli,tam,tama,tambo,tame,tamil,tamper,tand,tango,taniesha,tanner,tanni,tanzania,tanzanian,tap,tapash,tape,tapp,tar,tardelli,tareq,target,tarik,tariku,tarnish,tarpishchev,tart,tartan,task,taskmast,tasmanian,tast,tasti,tat,tatenda,tatiana,tatter,taufeeq,taufel,taught,taukafa,taunt,tawanda,tax,taylor,tbc,te,tea,teach,teacher,teak,team,tear,teas,technic,techniqu,technolog,teddi,teenag,teessid,teeter,teeth,tel,telecast,telegraph,televis,tell,temper,temperatur,tempo,temporari,temporarili,tempt,tend,tendenc,tendin,tendon,tendulkar,tenemo,tenga,tenni,tens,tension,tenterhook,tenur,tenzin,tephen,tepid,tergat,term,terrestri,terri,terribl,terrif,terrifi,territori,test,testament,testifi,testimoni,testosteron,tetley,teve,teven,tevez,tewart,teyn,tff,thabo,thai,thailand,thaksin,thakur,thaliand,thami,thank,thanou,thatcher,their,theo,theori,ther,thg,thick,thie,thierri,thigh,thin,thing,think,thion,thiopia,third,thirlwel,thirsti,thirti,thisweek,thletic,thoma,thompson,thomson,thorn,thorough,thoroughli,thorp,thought,thousand,thrash,thread,threat,threaten,three,threshold,threw,thrill,thriller,thrive,throat,throw,thrower,thrown,thrust,thumb,thump,thunder,thursday,thwack,tiago,tick,ticket,tidal,tide,tidi,tie,tiebreak,tier,tiger,tight,tighten,tighter,tighthead,till,tillen,tim,timber,time,timekeep,timoteo,tinash,tindal,tini,tinker,tip,tirana,tire,tired,tirelessli,tirunesh,tissu,tit,titan,titi,titl,titterrel,titu,titulo,tobago,tobi,today,todd,todo,toe,togeth,toil,toit,tokumasu,tokyo,told,toler,toll,tom,toma,tomlinson,tommi,tomorrow,ton,tone,tong,tonga,toni,tonight,tonni,took,top,topic,tore,torn,torquay,torr,torrenti,torrid,toshack,tosin,toss,total,totesport,tottenham,touch,touchdown,touchlin,tough,toughen,tougher,toughest,toulous,toulousain,tour,tourist,tournament,tout,towel,tower,town,townlast,townsend,toy,trabajar,track,trade,trademark,tradit,traditionalist,traffic,trafford,tragedi,trail,traill,train,trainer,tranmer,tranquil,transfer,transform,transgress,translat,transplant,traor,trap,trauma,trauss,travel,travesti,travi,treacher,tread,treadmil,treak,treasuri,treat,treatment,tremend,trescothick,treviso,trevor,tri,trial,triangular,tribal,tribun,tribut,trick,trickeri,tricki,trickl,triker,trim,trinidad,trio,trip,tripl,triumph,triumphant,troman,troncon,trophi,troubl,trounc,trouser,trudg,true,trueman,truer,truli,trump,trust,truth,tryscor,tsolekil,tsumani,tsunami,tuart,tudor,tuesday,tuffey,tufnel,tugay,tuipulotu,tulu,tumbl,tumour,tunisia,tunisian,tunnel,turbul,turf,turkey,turmoil,turn,turnbul,turner,turnov,turnstil,tushar,tussl,tv,twenti,twice,twickenham,twilight,twin,twist,two,tycoon,tyke,tynecastl,tynesid,type,typic,tzeko,u,u21,ua,uan,uarter,ub,ubiquit,uch,uddock,udek,udi,udicini,uefa,uesday,ueto,uff,uffey,uganda,ugandan,ugbi,ugli,ugo,uir,uk,uka,ukrain,ul,ull,ullen,uller,ullock,ullough,ullum,ulster,ultim,ultimatum,ultimit,ultra,umaga,umar,umber,umbl,umbrella,umbro,ummm,umpir,umrigar,unabl,unaccept,unaffect,unanim,unassail,unauthoris,unavail,unawar,unbeat,unbeaten,unbroken,uncap,uncertain,uncertainti,unchalleng,unchang,uncharacterist,uncl,unclear,uncomfort,unconcern,unconvinc,undaunt,unday,unde,undecid,undef,undeni,underarm,undercard,underdog,underestim,undergo,undergon,underland,underlin,undermin,underneath,underr,underscor,understand,understood,understudi,undertak,underw,underway,undisclos,undo,undoubt,undoubtedli,undr,undul,unduli,unearth,unequivoc,uner,unexpect,unfair,unfairli,unfaz,unflapp,unfold,unforc,unforgiv,unfortun,unfound,unga,unhappi,unhelp,unherald,unicef,unimpress,uninform,uninho,union,uniqu,unit,univers,unjustifi,unknown,unlucki,unmark,unningham,unnot,unorthodox,unpaid,unpreced,unpredict,unproduct,unprofession,unprotect,unrealist,unrepent,unreturn,unscath,unseed,unsettl,unspecifi,unstopp,unstructur,unstuck,unsubstanti,unsuccess,unsung,unsur,unsworth,unthink,unthreaten,untri,untroubl,untru,unusu,unveil,unwav,unwil,unwis,unwork,up,upbeat,upcom,updat,upheld,uphil,uphold,upper,uppishli,upright,upset,upstair,upturn,upul,upward,ur,uralitharan,urban,urbishley,urg,urgenc,urgent,uriah,urich,urin,urnley,uropean,urphi,urray,urter,uruguay,us$10000,us$17705,us$25000,us$40000,us\n,usa,usa\,usaca,usada,usada\,usan,usatf,use,usedski,usher,ushfiqur,ussey,ust,usta,ustin,ustralia,ustralian,usual,ut,utcher,utd,utmost,uton,utseya,utterli,utu,uzzel,v,va,vaa,vacant,vacat,vahid,vaidisova,vaidyanathan,vaikona,vaili,vain,valbon,valencia,valent,valley,valu,van,vanderlei,vangipurappu,vanish,varga,vari,varieti,variou,vasco,vassilli,vast,vaughan,vault,vaulter,vaz,vb,veil,vein,velimir,venezuela,venta,venter,ventur,venu,venugop,venugopala,vera,veracruz,verbal,verdecchia,verdict,verg,verif,vermeulen,verroken,versatil,version,versu,verton,verv,veteran,vettori,viadana,vialli,vice,vickeri,vickerman,victim,victor,victori,victoria,victorian,video,viduka,vieira,vienna,view,viewpoint,vigil,vignal,vigor,vike,vikram,villa,villag,villar,villarr,villier,vincent,vinci,vintag,violat,violenc,violent,virend,virtu,virtual,viru,visagi,vishka,visibl,vision,visit,visitor,vita,vital,vivanco,vividli,vivr,vocal,vocifer,vogt,voic,volley,volum,volunt,volvi,volvo,voom,vote,voter,vow,voyc,vulner,vusi,vv,vy,vyvyan,w,waalwijk,waasdorp,waca,wada,wage,waist,wait,wake,walder,wale,walk,walker,walkov,wall,wallabi,wallac,walsal,walt,walter,waltz,walya,wander,wanderley,want,war,warbrick,warburton,ward,wardl,wardley,wari,warm,warmli,warn,warnock,warren,warrior,warwickshir,wasan,wasim,wasp,wast,watch,waterford,waterlog,watersh,watford,watkin,watson,waugh,wave,waver,way,wayn,wayward,we,weak,weaken,weaker,wealth,wear,weari,weather,weaver,webb,websit,webster,weden,wednesday,wee,week,weekend,weekli,weeney,weigh,weight,weighti,weingartn,weir,weird,welcom,welford,well,welli,wellington,welsh,welshman,wembley,wen,wenger,went,wenti,werder,wessel,west,western,westhuyzen,weston,wet,wharf,whatsoev,wheatley,wheelchair,whelan,whereabout,whilst,whing,whinneray,whip,whisker,whisper,whistl,white,whitewash,whitlock,wi,wicket,wicketkeep,wide,widen,wider,wife,wigan,wigglesworth,wigley,wiland,wild,wildcard,wildli,wiley,wilkinson,will,willem,willems,willi,william,willian,willowfield,wilson,wilt,wimbledon,win,wind,windi,windo,windon,window,windsor,wing,winger,winless,winner,winter,wipe,wireless,wisdom,wise,wiseman,wish,wishart,wit,witch,withdraw,withdrawn,withdrew,withstand,witzerland,wk,wkt,wo,woe,woeful,woken,wollaton,wolv,woman,women,wonder,woo,wood,wooden,woodward,woolli,woolmer,worcest,worcestershir,word,wore,work,workabl,worker,workload,workmanlik,workout,world,worldwid,worri,wors,worsen,worsley,worst,worth,worthi,worthington,worthwhil,wound,wrap,wrath,wreck,wrest,wrestl,wrexham,wriggl,wright,wrist,wristband,write,writer,written,wrong,wrongdo,wrongli,wru,wru\,wru\n,wta,wtih,www,wyatt,xabi,xavi,xavier,xc,xi,xi\,xi\n,xv,y,yachvili,yakubu,yan,yann,yannick,yapp,yard,yasir,yate,yead,year,yelena,yell,yellow,yeovil,yesterday,yetund,yianni,yield,ylvain,ylvia,yobo,yore,york,yorker,yorkshir,youhana,youhanna,youn,young,younger,youngest,youngster,youni,yourselv,yousef,yousuf,youth,youzhni,ypru,yrne,yusuf,yuvraj,yvonn,z,zabaleta,zabir,zaheer,zajec,zakuani,zambia,zambian,zander,zara,zaragoza,zc,zeal,zealand,zealous,zeeuw,zeh,zenden,zero,zharuddin,zheng,zib,zidan,zim,zimbabw,zimbabwean,zinc,zinedin,zola,zondeki,zone,zuluaga,zurich,zvonareva