#233,&,0,000,00m,04,07,0830,0\n,1,10,10%,100,100%,10000,10000m,1000m,100m,106,107,108,109,10km,10m,10th,11,110,111,112,113,115,117,11th,12,120,121,122,125,128,129,12th,13,131,132,135,136,139,13th,14,140,146,14th,15,150,1500m,152,15th,16,163,165,16th,17,172,17th,18,184,185,19,190,1948,1953,196,1970,1971,1974,1976,1978,1980,1984,1985,1986,1987,1988,1989,1990,1991,1993,1994,1995,1996,1997,1998,1999,1\n,2,20,200,2000,2001,2002,2003,2004,2005,2006,2007,2008,200m,2011,202,208,20m,21,21st,22,22000,227,23,24,24th,25,25%,250,25m,25th,26,261,264,27,27m,28,281,29,2m,3,30,300,3000m,304,30m,31,314,32,33,337,34,344,35,35m,35th,36,37,38,39,398,3m,4,40,400,400m,40m,41,42,43,44,45,46,47,48,49,4m,4x,5,50,500,5000m,50m,50th,51,52,53,54,55,56,568,57,58,59,5m,6,60,60m,61,62,63,64,65,66,67,68,69,6ft,6km,6m,7,70,71,72,73,74,75,76,77,78,79,8,80,800m,81,82,83,84,85,86,87,87th,88,89,8m,9,90,92,93,94,96,97,98,99,\,\\,\\n,\do,\goal,\i,\i\m,\if,\leari,\n,\thi,\what,\xa,\xc,aaa,aac,aaron,ab,abandon,abbott,abc,abdomin,abdul,aberdeen,abeyi,abibul,abil,abl,abramovich,abroad,absenc,absent,absente,absolut,abus,ac,academi,accept,accid,accident,accommod,accomplish,account,accumul,accur,accus,ace,achiev,achil,ack,acknowledg,act,action,activ,ad,adal,adam,adapt,adcliff,add,addick,addit,address,adelaid,adida,adjudg,adjust,administr,admir,admiss,admit,adrian,adriano,advanc,advantag,advic,advis,advisor,ae,affair,affect,afford,afraid,africa,african,afridi,aftab,afternoon,against,agarkar,agassi,age,agenc,agenda,agent,aggrav,aggreg,aggress,ago,agonisingli,agre,agreement,ahead,ahm,ahmedabad,aid,aiden,aim,air,airport,aj,ajax,ak,ake,akhtar,akistan,akmal,al,alain,alan,alarm,albeit,albert,alberto,albi,albion,ale,alec,alert,alessandro,alex,alexand,ali,aliadier,alicia,alistair,aliv,allahgreen,allan,allardyc,alleg,allegedli,allen,alli,allow,alman,almunia,alon,alongsid,alonso,altaf,alter,altitud,amara,amateur,amaz,amazingli,ambassador,ambit,ambiti,ame,ameli,amend,ameobi,america,american,ami,amid,amla,amoruso,amount,ampbel,anaman,anastasia,ancelotti,anchest,ancic,anderson,andi,andr,andrea,andrew,andriy,anelka,anfield,angel,anger,angl,angola,angri,angu,aniela,anil,ankl,anna,annadal,anniversari,announc,annoy,annual,answer,ant,anti,anticip,antonio,antwerp,anxiou,anybodi,anymor,anyway,apart,apiec,aplan,apolog,apologis,appar,appeal,appear,applaud,appli,applic,appoint,appreci,approach,appropri,approv,april,aptain,arab,aragon,arbit,arbitr,arca,arcelona,arch,archibald,arcu,arden,ardiff,area,arena,argentin,argentina,argu,arguabl,argument,arjan,arjen,ark,arlo,arm,armi,arn,arnesen,aro,arrang,arres,arrest,arri,arriv,arrog,arsen,arshad,arteta,arthi,articl,artifici,artina,aru,arvind,ash,asham,ashdown,ashish,ashley,ashra,asia,asian,asid,asif,asim,ask,ason,asp,aspect,assault,assert,assess,asset,assist,associ,assur,ast,astl,aston,atch,ath,athen,athlet,atletico,atmospher,atp,att,attack,attain,attempt,attend,attent,atthew,attitud,attract,attribut,aturday,au,auckland,audienc,audit,aughan,august,aula,aurelien,aussi,australia,australian,austrian,author,automat,autumn,avail,ave,avenport,averag,avid,aviv,avoid,aw,await,awar,award,away,awesom,awkward,axe,ay,azharuddin,azzurri,b,baa,babayaro,bacher,back,backhand,backley,backward,bad,badli,bafana,bag,bahoken,bailey,baisya,balaji,balanc,balco,bald,ball,ballymena,ban,bang,bangladesh,banish,bank,bar,barbarian,barca,barcelona,bare,bari,barkley,barn,barnet,barney,baro,barrett,barri,barrier,bartlett,barton,barwick,base,bashar,basi,basic,bat,bate,bath,batsman,batsmen,batteri,batti,battl,bay,bayer,bayern,bbc,bc1,bcci,beach,beam,beamer,bear,beat,beaten,beatti,beauti,beckham,becom,bed,bedford,befor,began,begin,begun,behalf,behav,behaviour,behind,beij,bekel,belfast,belgian,belgium,belgrav,belief,believ,bell,bellami,belong,belt,ben,bench,benchmark,bend,benefici,benefit,benita,benitez,bennett,bent,bergamasco,berger,bergkamp,bernabeu,bernard,berth,berti,beset,best,bet,betsen,better,bevan,beyond,biarritz,bid,big,bigger,biggest,bill,billionair,bin,biomechan,birchfield,birkett,birmingham,birthday,biscan,bit,bite,bitter,bizarr,black,blackburn,blackstock,blade,blain,blair,blame,blast,blatter,blaze,bleeper,bless,blew,blight,blignaut,blind,blip,blister,block,blood,blow,blown,blue,blush,boa,board,bob,bobbi,boca,bodi,boeta,bogdanov,boje,bolster,bolton,bomb,bond,bondarenko,bone,bonnair,bonu,boo,book,bookmak,boost,boot,border,bore,born,boro,borthwick,bortolami,boss,boston,bosvelt,bottom,bouba,boucher,bought,boumsong,bounc,bouncer,boundari,bourgoin,bournemouth,bovina,bow,bowden,bowen,bowl,bowler,bowyer,box,boy,boycott,boyl,brace,bracewel,brad,bradi,bradman,brambl,brand,brave,bravo,brazil,brazilian,breach,break,breakdown,breakthrough,breath,brendan,brendon,brent,brentford,brett,brian,bridg,brief,briefli,brightest,brightli,brilliant,brilliantli,bring,brink,brisban,brisk,bristol,britain,british,briton,brive,brizzel,broadcast,broke,broken,brom,brombi,bronz,brother,brought,brown,brownsword,bruce,bruis,bruno,brush,brussel,brutal,bruyn,bryan,bryson,bski,bt,bu,bucharest,bucknor,bueno,bug,build,built,bulgaria,bulgarian,bull,bullish,bulloch,bullock,bunch,bundl,bupa,burger,buri,burn,burnley,burst,busi,bust,but,butcher,butler,butragueno,butt,buy,buzz,bwalya,bye,byrn,c,c&g,ca,caborn,caf,cahil,cairn,cake,calcul,calder,calf,calibr,call,calleri,calm,calvisano,camara,came,camera,cameroon,camp,campaign,campbel,campes,canada,canal,cancel,candela,candid,caniggia,canning,canterburi,cantona,cap,capabl,capac,cape,capit,capitalis,capitul,capriati,capt,captain,captainci,captur,car,card,cardiff,care,career,caretak,carl,carlisl,carlo,carlsen,carolina,carr,carragh,carri,carrol,carrow,cartilag,carvalho,case,cash,casilla,cast,castaigned,castr,castrogiovanni,casualti,catalyst,catch,caught,caus,caution,cautiou,cech,cedric,celebr,celestin,celtic,centimetr,centr,central,centuri,centurion,ceplak,ceremoni,ceri,certain,certainli,certainti,cesc,chabal,chairman,challeng,chamber,chaminda,champion,championship,chanc,chandana,chanderpaul,chang,channel,chant,charact,characterist,charg,chariti,charl,charli,charlton,charvi,chase,chat,cheapli,cheat,cheer,chela,chelsea,chennai,chepkemei,chequ,chest,chester,chicago,chief,chigumbura,child,children,chile,chill,chin,china,chines,chip,chittagong,choic,choos,chop,chose,chosen,chri,christchurch,christi,christian,christma,christo,christoph,chronicl,chuter,cicero,circuit,circul,circumst,ciss,cite,citi,citizenship,civil,claim,clark,clash,class,classic,claudio,claxton,clay,clean,clear,clearanc,clearli,clemenc,clermont,clever,cleverli,clichi,client,clijster,climax,climb,clinch,clinic,clip,clithero,clive,clock,close,closer,closest,cloud,club,clumsi,clutch,clyde,coach,coast,coastlin,cocain,cockbain,code,cohen,coin,colchest,cold,cole,colerain,colin,collaps,colleagu,collect,collin,collingwood,colour,combat,combin,come,comeback,comfort,command,comment,commerci,commiss,commit,committe,common,commonwealth,commun,compani,compar,comparison,compass,compatriot,compet,competit,competitor,complain,complaint,complet,composur,comprehens,compris,compromis,conced,conceiv,concentr,concern,conchita,conclud,conclus,condemn,condit,condon,conduct,confer,confess,confid,confirm,conflict,confront,congratul,connacht,connect,connolli,connor,conquer,consecut,consid,consider,consist,consol,constantli,constru,construct,consult,cont,contact,contain,contamin,contempl,contend,content,contepomi,contest,contin,continu,contract,contradictori,contrast,contribut,contriv,control,controversi,convers,convert,convinc,cool,cooper,copa,cope,copi,cord,coria,corinthian,corner,corpor,correct,correctli,corri,corrigan,cost,costa,costacurta,costin,cotland,cotonsport,cotteril,coughlan,council,count,counter,counterpart,counti,countri,coupl,cours,court,courtesi,coventri,cover,coverag,crack,cragg,craig,cram,cramp,crash,crave,crawford,crazi,cream,creas,creat,creativ,credenti,credibl,credit,cremer,cri,cricket,crimin,crisi,crisp,cristiano,criteria,critic,criticis,croatia,croatian,cronj,crop,cross,crosscourt,crowd,crown,crucial,cruis,crunch,crusad,crush,cruyff,crystal,cudicini,cueto,cullip,culmin,cultur,cum,cunningham,cup,curbishley,curl,current,curs,curv,cusit,custom,customari,cut,cygan,cypru,cyril,czech,d,d\arci,daili,dair,dakin,dal,dalai,dale,dalla,dallaglio,damag,dame,damien,danc,dane,danger,dani,daniel,daniela,danielli,danish,danni,dar,darci,darren,daryl,date,daughter,dave,davenport,davi,david,davydenko,dawn,dawson,day,dayer,de,deacon,dead,deadlin,deadlock,deal,dean,death,debat,debt,debut,decad,decathlet,decemb,decent,dechi,decid,decis,declar,declin,deco,decor,dedic,deem,deep,defam,defar,defeat,defenc,defend,defens,defiant,deficit,definit,deflat,deflect,deft,degre,dein,del,delaigu,delaney,delay,delhi,deliber,delight,deliv,deliveri,dellap,demand,dementieva,demis,demonstr,dempsey,den,deni,denmark,denni,dent,depart,departur,depend,deplet,depriv,depth,der,derbi,desailli,describ,desert,deserv,design,desir,despair,desper,despit,destin,destroy,destruct,detail,detector,determin,devast,develop,devin,devonish,dhaka,dharamsala,dharamshala,dhoni,di,dialogu,diamond,dian,dibaba,dick,dickov,didier,die,differ,difficult,difficulti,dig,dilig,dimens,dimitri,dinesh,dinner,diop,dip,dippenaar,direct,directli,director,disabl,disadvantag,disagre,disallow,disappear,disappoint,disast,disc,disciplin,disciplinari,discomfort,discov,discuss,disgrac,disguis,dismiss,displac,display,dispos,disput,disqualifi,disreput,disrupt,distanc,distin,distinct,distract,distribut,district,dive,divert,divid,divis,do,doctor,dog,doha,doherti,dokic,domest,domin,dominici,dominik,donat,done,donnelli,door,doordarshan,doosra,dope,dot,doubl,doubt,doubter,dougla,dour,dowd,down,dowu,doyl,draft,drag,dragon,drama,dramat,dravid,draw,drawn,dream,dress,drew,dri,drill,drink,drive,driven,drogba,drop,drought,drove,drug,du,dubai,dublin,duck,dudek,due,duff,duffi,dug,dulko,dummi,dunbar,duncan,dunde,dunfermlin,dunn,duo,durban,durham,dutch,dutchman,duti,dwain,dwayn,dyer,e,ead,eadi,eager,eagerli,eal,eanwhil,earlier,earmark,earn,eart,eas,easi,easier,easili,east,easterbi,easton,eat,ecb,ech,echo,econd,eddi,edg,edgi,edinburgh,edith,edmondson,edu,educ,edward,ee,eerdeken,efa,effect,effort,egypt,ehmann,eicest,eidur,eight,eighth,eish,el,elbow,elect,element,elena,elev,elhorga,elia,elig,elit,elizabeth,ell,ellami,elli,elliott,eltic,elton,email,embark,embarrass,embrac,embu,emerg,emilio,emir,emot,emphasis,emphat,employ,employe,empti,en,enabl,encount,encourag,end,endors,endur,energi,enforc,eng,engag,england,english,enhanc,enjoy,enman,enorm,enqvist,enri,enson,ensu,ensur,enter,enteri,entertain,enthusiasm,entir,entri,environ,enya,ephedrin,epic,epitomis,eplac,epubl,equal,equalis,era,eras,erena,erfurt,erguson,eric,eriksson,errard,errat,error,es,escap,especi,espit,espn,essenti,essex,esson,est,establish,esteem,estim,ethic,ethiopia,ethiopian,eto,euro,europ,european,evalu,evan,eve,even,event,eventu,everton,everybodi,everyon,everyth,evid,evin,ew,ewcastl,ewe,ewitt,ewood,ex,exactli,examin,exampl,excel,except,excess,exchang,excit,exclus,excus,execut,exercis,exet,exhaust,exhibit,exil,exist,exit,expans,expect,expens,experi,experienc,expert,expir,explain,explan,explod,exploit,explor,explos,expos,exposur,express,extend,extens,extent,extra,extrem,eye,f,fa,fabien,fabrega,fabric,fabul,face,fact,factor,fade,fai,fail,failur,fair,fairli,faith,fake,falcon,fall,fallen,fals,famili,familiar,famou,fan,fanci,fantast,far,farewel,farhat,farina,faro,farrel,fashion,fast,faster,fastest,fate,father,fatigu,fault,fava,favour,favourit,fax,fay,fc,fear,fearsom,feat,featur,februari,fed,feder,fee,feel,feet,feign,feint,feliciano,felip,felix,fell,fellow,felt,femal,fenerbahc,feofanova,ferdinand,ferguson,fernando,feroci,ferreira,ferrero,festiv,feud,feyenoord,fiddl,field,fielder,fierc,fifa,fifth,fifti,fight,fightback,figur,fiji,file,fill,final,finalis,finalist,financ,financi,find,findlay,fine,finest,finger,finish,finnan,fire,firm,firmli,first,fish,fit,five,fix,fixtur,flair,flamini,flank,flanker,flare,flash,flat,flatter,flee,fleme,fletcher,flew,fli,flick,flight,flintoff,flourish,flow,flower,flown,floyd,fluf,focu,focus,fold,foley,follow,food,foolish,foot,footbal,footstep,forc,fore,forearm,forecast,forehand,foreign,forest,forfeit,forg,forget,form,formal,format,former,forrest,forthcom,fortnight,fortun,forward,foster,fought,foul,founder,four,fouri,fourth,fowler,fractur,frame,framework,franc,francai,franci,francisco,frank,frankli,frantic,fraser,fratton,freddi,freder,free,freedom,freeman,french,frenchman,fresh,friday,friedel,friend,friendli,fring,front,frustrat,fter,fulfil,fulham,full,fullarton,fuller,fulli,fumbl,fume,fun,function,fund,fundament,furiou,futur,g,gabbidon,gabriel,gael,gagandeep,gain,galactico,gall,galla,gallach,gambhir,gambl,game,ganguli,gap,gara,garcia,garden,gareth,gari,garland,gasp,gassi,gaston,gather,gatland,gatlin,gaucci,gaudio,gautam,gavaskar,gave,gavin,gayl,gb,gear,geari,gebrselassi,ged,gener,geneti,genuin,geoff,geordan,georg,georgia,geraint,gerard,germain,german,germani,gerrard,gestur,get,gethin,ghana,gianfranco,giannakopoulo,giant,gibb,gibson,gift,gigg,gilbert,gilchrist,gile,gill,gillespi,ginepri,girl,girvan,gisbergen,give,given,glad,glamorgan,glanc,glasgow,glazer,gleeson,glen,glenn,glitter,global,glori,gloriou,gloucest,gloucestershir,glove,gmt,gmt\n,go,goal,goalkeep,goalless,goalscor,goe,gold,golden,goldfin,gomarsal,gone,gooch,good,goodison,goran,gordon,got,gough,govern,grab,gradi,gradual,graem,graft,graham,grand,grandclaud,grant,grasp,grass,grate,gravesen,gray,graz,great,greater,greatest,greatli,greec,greek,green,greenwood,greet,greg,gregan,gregori,grew,grewcock,griffen,griffin,grime,grip,groin,gronkjaer,ground,group,grow,grown,growth,gruell,guarante,guard,gudjohnsen,guerrouj,guess,guid,guillermo,guilti,gujarat,gulli,gun,gunner,gut,guy,gwent,h,haa,habibul,haddin,hadn,hail,hair,haka,hal,half,halfway,hall,halliwel,halt,halv,ham,hamann,hame,hamilton,hamish,hamm,hammer,hamper,hampshir,hamstr,hand,hander,handl,hang,hansen,hansi,hantuchova,hapless,happen,happi,happier,haq,harbhajan,hard,hardcourt,hardenn,harder,hardest,hardli,hare,harinordoquy,harlequin,harley,harlton,harm,harmison,harper,harri,harrier,harrison,harrow,harsh,hart,hartlepool,hartson,hasan,hashim,hassel,hasselbaink,hat,haul,haunt,have,hay,hayden,hayley,hazel,head,headbut,headbutt,header,headlin,headquart,heal,healey,health,healthi,heap,hear,heard,heart,heat,heath,heavi,heavili,heel,height,heineken,heinz,heir,held,helen,hell,hellen,help,helpless,helsea,helsinki,hemispher,hen,henchoz,henderson,henin,henman,henri,henson,heptathlon,herald,hero,heroic,herschel,herself,hesit,hewitt,hey,heyman,hicham,hickey,hicki,hief,hierro,high,highburi,higher,highest,highli,highlight,hile,hill,himself,hind,hine,hing,hingi,hinshelwood,hint,hip,hird,hislop,histor,histori,hit,hitzlsperg,hoadley,hoaib,hoddl,hodg,hodgson,hogg,hoggard,hohn,hoist,hold,holder,hole,holland,holloway,holm,home,hondo,hone,honest,hong,honiss,honour,hook,hooker,hope,hopman,horan,horgan,horribl,hors,horvath,hospit,hossain,host,hostil,hot,hotel,houllier,hour,hous,houston,howard,hoyt,hrbati,hreidarsson,hrough,huge,hugh,humbl,humor,humphrey,hundr,hung,hungari,hungarian,hungri,hunt,hurdl,hurdler,hurt,hurter,hussey,hyde,hyderabad,hype,hyypia,i,i\d,i\ll,i\m,i\v,iaaf,iaaf\,ian,ibanez,ibrox,icc,ice,iceland,ichael,icki,icon,iddlesbrough,idea,ideal,identifi,idowu,ietersen,ifa,ifab,ifth,iftikhar,ignacio,ignor,igor,ike,ile,ilkinson,ill,illan,illeg,illus,illustr,im,imag,imagin,imanol,immacul,immedi,immens,impact,implement,implic,import,importantli,impos,imposs,impress,improv,imran,inaugur,incent,inch,incid,includ,inclus,inconsist,increas,incred,incur,ind,indecis,independ,indi,india,indian,indic,indict,individu,indoor,industri,inept,inevit,inexperienc,infam,infect,inferior,influenc,influenti,inform,infrastructur,infring,initi,inject,injur,injuri,inner,inning,innoc,inquiri,insid,insist,inspect,inspir,instal,instantli,instil,instruct,insult,inswing,integr,intellig,intend,intens,intent,inter,interest,interim,intern,interpret,interrupt,interv,intervent,interview,intimid,intoppa,introduc,introduct,invent,invest,investig,investor,invit,involv,inzamam,ioannidi,ioc,ipswich,iqbal,ir,irb,ireland,irfan,irina,irish,irishman,iron,irrelev,irst,isaiah,isinbayeva,islam,island,isra,israel,issu,itali,italian,itf,ith,itinerari,ivan,ivanov,ive,iverpool,ivo,j,jaarsveld,jaaskelainen,jacki,jackman,jackson,jacqu,jade,jagielka,jaim,jake,jamaica,jamaican,jame,jami,jan,jana,jankov,jansen,januari,japan,jarosik,jason,jauzion,jave,jay,jayasuriya,jayawarden,jealou,jean,jeanett,jeannin,jeer,jeff,jelena,jen,jena,jenkin,jeremi,jermain,jerom,jersey,jerzi,jess,jim,jimmi,jiri,jo,joachim,job,joe,jog,johan,johannesburg,johansson,john,johnni,johnson,johnston,joic,join,joint,jol,jon,jonah,jonathan,jone,jonni,jordan,jordi,jose,josh,journalist,journey,joy,juan,judg,judgement,judo,juli,julian,julien,jump,jumper,june,juninho,junior,jurgen,juri,just,justifi,justin,juventu,k,k3,kabir,kafer,kahn,kaif,kalli,kalua,kamal,kamara,kamran,kaneria,kapil,kaplan,karkouri,karl,karol,karthik,kartik,kasprowicz,katerina,kathi,katich,kay,kean,keegan,keen,keep,keeper,keith,kelli,kemp,kenenisa,kenneth,kenni,kent,kenteri,kenya,kenyan,kenyon,kept,kerr,keska,kevin,kewel,key,kezman,khale,khalil,khan,kick,kicker,kid,kidney,kiefer,kieli,kieron,kill,killer,kilometr,kim,kind,king,kiol,kiplagat,kirsten,kirwan,kit,kiwi,klinsmann,kluft,kluivert,knee,knew,knight,knock,knockout,know,knowledg,known,knuckl,koertzen,kolo,kong,kooyong,korea,kosta,koubek,kp,kumar,kumbl,kuznetsova,kyle,l,la,label,laboratori,lack,lackburn,lacklustr,lad,ladder,ladi,lagat,laharragu,laid,lakshmipathi,lama,lambert,lamboley,lamont,lampard,lancashir,land,lander,landmark,lane,langer,langeveldt,languag,lanka,lankan,lansdown,lap,laport,lara,laren,larg,larger,larkin,larn,larsson,lash,last,latch,late,latest,latham,latter,laugh,launch,launder,lauren,law,lawn,lawrenc,lawson,lawsuit,lawyer,laxman,lay,lazio,lbw,ldham,le,lead,leader,leadership,leagu,leami,leap,learn,learnt,least,leav,led,lee,leed,left,leg,legal,legend,legsid,lehmann,leicest,leinster,leipzig,length,lengthi,lennon,lesson,lester,let,letter,level,leverkusen,lewi,lewsey,leyton,li,liddel,lie,life,lifelin,lifelong,lifetim,lift,liga,ligament,light,like,likhovtseva,limit,limp,lindsay,line,linesman,linford,link,lion,lisa,list,listen,lita,littl,live,liverpool,livi,livid,livingston,ljubic,ljungberg,llanelli,llewellyn,lleyton,llister,lloyd,lmunia,lo,load,loan,lob,loc,local,locat,lock,lodg,logist,lombard,lomu,london,lone,long,longer,longest,look,loop,loos,loosen,lopez,lord,lose,loser,loss,lost,lot,loui,love,low,lower,loyal,lroy,lster,lta,lthough,lua,luciano,luck,luckhurst,lucki,ludov,ludovico,lui,lunch,lundgren,lung,lupoli,lure,lusaka,luscomb,luton,luxemburgo,lympic,lyon,m,ma,mac,macken,macki,macqueen,mad,madagascar,madra,madrid,maduaka,maga,magazin,magg,magic,magnific,magnitud,magpi,mahela,mahendra,mahmud,maiden,mail,main,maintain,major,make,makelel,makhaya,malcolm,maldini,male,malik,maloney,man,manag,manageri,manchest,mandar,manga,mani,manjurul,manner,mansfield,manuel,manufactur,maori,mapletoft,marat,marathon,marca,march,marco,marconnet,marcu,mardi,margin,mari,maria,mariano,marigni,mario,marion,mariu,mark,market,marko,marlon,marlu,marseil,marsh,marshal,marta,martin,martinez,martyn,marvel,masai,masakadza,mashraf,mashud,masi,mask,maso,massiv,massu,master,match,mate,mateja,materi,matfield,mathew,mathieu,matsikenyeri,matt,matteo,matter,matthew,matur,maul,mauresmo,mauric,mauritiu,mauro,max,maximum,mbe,mbeki,mc,meagr,mean,meaning,meant,measur,medal,medallist,media,medic,medicin,medium,meersseman,meet,mefin,megson,mehrten,mejor,melbourn,meldrum,mellor,melzer,member,memori,memphi,men,mend,mental,mention,mere,merican,merit,mess,messag,met,metatars,method,metr,mexican,mexico,mi,mia,miandad,michael,michalak,michel,mick,mid,middl,middlesbrough,midfield,midnight,mido,midway,midwicket,mignoni,mike,mikhail,mikoliuna,milan,milburn,mile,mill,millennium,miller,million,milloud,millwal,minar,mind,mine,mini,minist,minor,minu,minut,miracl,mirco,mirnyi,mirror,mirza,misconduct,miser,miseri,misjudg,miss,missil,mistak,mitchel,mith,mix,mladenov,modafinil,model,modern,mohali,moham,mohammad,mokoena,molbi,molik,moment,momentum,monaco,monday,money,monfil,monitor,montan,montenegro,montgomeri,month,mood,moodi,moor,moorcroft,morgan,morient,morkel,morn,moroccan,morocco,morri,morrison,morrow,mort,mortaza,mother,motiv,motorcycl,mount,mountain,mourinho,move,movement,moy,moya,mpofu,mri,mucho,muhammad,multi,mumbai,munich,munster,murali,muralitharan,murambadoro,murphi,murray,murrayfield,musampa,muscl,mushfiqur,mushtaq,muslim,muttiah,mutu,mutual,mutv,myskina,mysteri,mystifi,n,na,nadal,nadia,nafi,nagpur,nalbandian,nalso,name,narbonn,narraway,narrow,narrowli,nathali,nathan,nation,nativ,natur,nave,navratilova,nazmul,nd,ndi,ndia,ndian,ndoe,ndrew,ne,neal,nearli,neat,neath,necessarili,neck,need,neg,negoti,nehra,neighbour,neil,nel,nelson,nerv,nervou,net,netherland,nevil,newcastl,newport,newri,news,newspap,nfinish,ngland,nice,nichol,nick,nicki,nicknam,nicol,nicola,nigel,niggl,night,nightmar,nikolay,nin,nine,ninth,nip,nistelrooy,nite,nitoglia,nmade,nod,nois,nolan,nonsens,noon,normal,north,northampton,northern,norwich,notabl,notch,note,noth,nother,notifi,nott,nottingham,nou,nought,novak,novemb,novo,nowaday,nroe,ntini,ntook,number,numer,nunez,nwa,nwon,nyanga,nz,nz\n,nzamam,o,o\brien,o\callaghan,o\connel,o\connor,o\driscol,o\gara,o\kelli,o\leari,o\neil,o\shea,o\sullivan,oak,obben,obikwelu,obinson,object,oblig,obrien,observ,obsess,obtain,obua,obviou,obvious,ocallaghan,occas,occupi,occur,oconnel,oconnor,octob,odd,oddick,odgson,odriscol,off,offenc,offend,offens,offer,offic,offici,offsid,og,ogara,oger,ohammad,ohn,oje,ok,okay,okelli,okocha,old,older,oldest,oldham,ole,oliph,oliv,olivi,olli,ollock,olm,olsson,olymp,olympiako,olympian,omar,onaldinho,one,oneil,ongaro,ongo,onrush,ontong,onuoha,op,open,oper,opinion,oppon,opportun,oppos,opposit,opt,optim,optimist,option,oram,order,ordin,ore,organ,organis,orient,origin,orlando,orld,ormack,ormer,ormick,orquera,ortsmouth,osasuna,osprey,oss,osta,osullivan,oth,ottenham,oubl,ouness,ourav,ourinho,ourth,oust,outclass,outcom,outdoor,outfit,outh,outhampton,outing,outplay,outright,outset,outsid,outstand,oval,ovat,over,overal,overcam,overcom,overhaul,overlook,overnight,overreact,oversea,overshadow,overtak,overtook,overturn,overwhelm,ow,owe,owen,owev,own,owusu,oya,p,pace,paceman,pacemen,pack,packag,pad,paddi,page,paid,pain,pair,pak,pakistan,pakistani,palac,palm,palmer,panagopoulo,panel,panyangara,paolo,paper,papp,para,paradorn,pari,pariss,park,parker,parma,parmar,parri,part,parthiv,parti,particip,particular,particularli,partido,partizan,partner,partnership,pascal,pass,passag,passion,past,pat,patel,paterson,path,pathan,patienc,patient,patrick,patrik,pattaya,pattern,patti,paul,paula,paulo,pavey,pavilion,pay,payn,peac,peak,pearc,peck,pedrazzi,pedro,peel,peg,pelou,pen,penalis,penalti,pend,penetr,pennant,pentathlon,peopl,pepito,percent,perfect,perfectli,perform,period,perish,perman,permiss,permit,perpignan,persi,persico,persist,person,personnel,perspect,persuad,perth,perugini,peter,petit,petr,petri,petrov,petrova,phase,phenomen,phil,philipp,philippoussi,phillip,phone,physic,physio,pick,picker,pictur,piec,piero,pierr,pietersen,pile,pin,pip,pire,pit,pitch,pittman,pizarro,place,plagu,plan,plane,plastic,plate,platform,play,player,plead,pleas,pledg,plenti,plough,plu,plumb,plymouth,point,pois,poland,pole,polic,polici,polish,polit,poll,pollock,pompey,pont,pool,poor,poorli,pop,popular,port,porto,portsmouth,portug,portugues,pose,posit,possess,possibl,post,postpon,potenti,pounc,pound,pountney,pour,powel,power,powergen,pozzebon,practic,practis,prais,pre,predica,predict,prefer,preliminari,premier,premiership,prepar,prerog,presenc,present,presid,press,pressur,prestig,prestigi,preston,pretti,prevent,previou,previous,price,pride,primari,prime,primera,primu,princ,principl,printer,prinz,prior,prioriti,privat,prix,prize,probabl,probe,problem,proce,procedur,proceed,process,prodigi,produc,product,profession,profil,program,programm,progress,project,prolif,promin,promis,promot,prompt,promptli,prong,proof,prop,proper,properli,proport,propos,prosecutor,prospect,prosper,protect,protest,protract,proud,prove,proven,provid,provinc,provinci,provision,prso,prutton,psv,psycholog,psychologist,public,publicli,pull,puma,punch,pundit,punish,punter,purchas,pure,pursu,push,put,qatar,qpr,qualif,qualifi,qualiti,quarter,quartet,quashi,queen,quest,question,queudru,quick,quicker,quickest,quickli,quiet,quietli,quinci,quinlan,quinn,quit,quot,r,race,racism,racist,racket,radcliff,radic,radio,radiu,rae,raem,rafa,rafael,rafiqu,rahman,rahul,rain,rainer,rais,rajin,ralli,ram,rampant,ran,rana,ranc,rang,ranger,ranieri,rank,rao,rap,rapid,rapidli,rare,rariti,rate,rath,ratifi,rattl,raul,rauluni,ravenhil,raw,rawlinson,ray,raymond,razzaq,rb,reach,react,reaction,read,readi,real,realis,realist,realiti,realli,reap,reason,reassur,rebel,rebuild,recal,receiv,recent,recept,recharg,reckon,recognis,recognit,recommend,reconsid,record,recov,recoveri,recuper,red,rediscov,redknapp,reduc,ree,reek,reel,ref,refer,refere,reflect,refus,reg,regain,regard,regim,region,regist,registr,regor,regret,regul,regular,regularli,rehabilit,rehears,reid,reign,reinforc,reinstat,reiter,reject,rejoin,rel,reland,relat,relationship,relax,relay,releas,releg,reli,relief,reliev,relish,remain,remaind,remark,rememb,remi,remiership,remind,remot,remov,renew,reopen,repeat,repeatedli,replac,replay,repli,report,reportedli,repres,repriev,republ,reput,request,requir,reschedul,rescothick,rescu,research,reserv,resign,resist,resolut,resolv,respect,respond,respons,rest,restart,restor,restrict,result,resum,resumpt,resurg,retain,retir,return,revamp,reveal,revel,reveng,revenu,revers,review,reviv,reward,rey,rfu,rhi,rhode,rhythm,ri,rian,rib,ricardo,richard,richardson,richi,rick,ricki,ricksen,rid,ride,ridicul,rifl,rift,riggott,right,riis,rijkaard,riley,rinaldi,ring,rio,riot,rip,rise,risk,ritain,ritic,ritish,rival,rivalri,riversid,road,rob,robben,robbi,robert,roberto,robertson,robin,robinson,robredo,robson,roch,rochu,rock,rod,roddick,roger,roland,role,roll,rom,roma,roman,romania,rome,romp,ronald,ronaldinho,ronaldo,ronan,roof,room,rooney,root,rope,rose,rosenborg,ross,rotat,rotherham,rotterdam,rougeri,rough,round,rounder,rout,routin,rover,row,rowntre,roy,royc,rsenal,rsene,rub,rubber,ruck,ruddock,rudolph,rudra,rue,rugbi,ruin,rule,rumbl,rumour,run,runner,runway,rusedski,rush,russel,russia,russian,ruthless,ruud,ryan,ryde,s,sa,sachin,sack,sad,sadli,safa,safe,safeti,safin,saga,saha,sail,saint,sakhnin,sale,saleh,salihamidz,salim,salman,saltir,salvag,sam,samantha,samaria,sami,samoa,sampl,sampra,samuel,san,sanath,sanchez,sanction,sanderson,sangakkara,sania,santini,santoro,sap,saracen,sarah,sarwan,sat,satisfact,satisfactori,satisfi,saturday,saulnier,savag,save,savour,saw,say,scalp,scamper,scan,scandal,scare,scarlet,scenario,scene,schalk,schedul,schmeichel,schnyder,schole,scholl,school,schubert,schuettler,scoop,score,scorelin,scorer,scot,scotland,scott,scottish,scrambl,scrap,scrappi,screen,scrum,scrummag,scrutini,scuf,sculthorp,scunthorp,seal,seam,seaman,seamer,sean,search,season,seat,sebastian,sebastien,sec,second,secret,secretari,section,secur,see,seed,seek,seemingli,seen,sega,sehwag,seiz,select,selector,self,sell,sella,semi,send,sendero,senior,sens,sensat,sensibl,sent,sentenc,separ,sepp,septemb,serbia,serena,serg,seri,seriou,serious,serv,servat,servic,session,set,setback,settl,sevasti,seven,seventh,sever,sevil,seychel,sfa,sfar,shadow,shaftesburi,shaharyar,shahid,shake,shaken,shalabi,shall,shame,shane,shanklin,shape,sharapova,share,sharehold,sharjah,shark,sharma,sharp,shaun,shaw,shdown,sheahan,shearer,shed,sheet,sheff,sheffield,shepherd,sheridan,sherwood,shevchenko,shib,shield,shift,shilton,shine,shirt,shoaib,shock,shola,shook,shoot,short,shortag,shorten,shortli,shortlist,shot,shoulder,shout,show,showdown,shown,shrug,shut,sibanda,sibierski,side,sidelin,sidoli,sigh,sight,sign,signal,signific,silenc,silli,silva,silver,silverwar,similar,similarli,simmon,simon,simpl,simpli,simpson,sin,sinclair,sinderberri,singh,singl,sink,sir,sister,sit,sititi,situat,six,sixth,size,skill,skip,skipper,sky,sl,slam,slash,slender,slice,slid,slight,slightli,slim,slip,slog,slot,slough,slovakia,slovenia,slow,slower,slowli,sluggish,slump,small,smart,smash,smile,smit,smith,smoothli,snap,snatch,snedden,soar,sociedad,societi,soderl,soil,sol,solanki,sold,sole,solid,solskjaer,solut,somebodi,somehow,someon,someth,sometim,somewhat,somewher,son,sonia,sonni,soon,sooner,sorri,sort,sotherton,sought,soul,sound,souness,sour,sourav,sourc,south,southampton,southern,southwel,sowden,space,spadea,spain,spaniard,spanish,spark,speak,spearhead,special,specialist,specif,spectat,specul,speed,spell,spend,spent,spice,spill,spin,spinner,spirit,split,spoke,spoken,spokesman,sponsor,sponsorship,spoon,sport,sportsman,sportsweek,spot,spotlight,sprain,spread,sprem,spring,springbok,sprint,sprinter,spur,spurn,squad,squar,sri,srichaphan,sriram,st,stade,stadium,staff,staffordshir,stage,stake,stakehold,stalem,stalk,stalwart,stam,stamford,stamp,stanc,stand,standard,stanley,star,starac,start,stat,state,statement,station,statu,statur,stay,steadi,steadili,steam,steer,steinmetz,stem,step,stepanek,stephen,steroid,steve,steven,stevi,stewart,steyn,stick,stiff,stimul,sting,stint,stir,stoica,stoke,stole,stomach,ston,stone,stood,stop,stopper,stori,storm,stosur,strachan,stradey,straight,straighten,straightforward,strain,strang,strategi,strauss,streak,street,strength,strengthen,stress,stretch,stride,strike,striker,string,stringer,strip,stroke,stroll,strong,stronger,strongest,strongli,struck,structur,struggl,stuart,stubborn,stuck,student,studi,stuff,stumbl,stump,stun,stupid,sturrock,stutter,stuttgart,style,styri,sub,subject,sublim,submit,subsequ,substanc,substanti,substitut,succeed,success,successor,sudden,suddenli,suffer,suffici,suggest,suit,sum,summer,summit,sun,sunday,sunderland,super,superb,superbl,superstar,supervis,supplement,suppli,support,suppos,sure,surfac,surg,surgeri,surpass,surpris,surrey,surround,surviv,survivor,susan,suspect,suspend,suspens,suspicion,sustain,sutton,sven,svetlana,swansea,swede,sweden,sweeney,sweep,sweet,swell,swept,swindon,swing,swiss,switch,switzerland,swoop,swung,sydney,sylvain,symond,sympathis,system,t,tabl,tackl,tactic,tag,taibu,taik,tail,tailend,tait,take,taken,takeov,taker,talent,tali,talisman,talk,talli,tama,tame,tanzania,tap,tapash,tape,target,task,tast,tatenda,taufeeq,taufel,tax,taylor,tea,team,tear,technic,techniqu,technolog,teenag,tel,telegraph,televis,tell,temper,tempo,temporari,tempt,tend,tendon,tendulkar,tenga,tenni,tens,tension,tenur,tephen,term,terrestri,terri,terribl,terrif,terrifi,territori,test,testimoni,teven,tevez,teyn,tff,thailand,thami,thank,thanou,thatcher,theori,thg,thick,thie,thierri,thigh,thing,think,thion,third,thirlwel,thletic,thoma,thompson,thomson,thorough,thoroughli,thorp,thought,thousand,thrash,threat,threaten,three,threw,thrill,throw,thrown,thumb,thump,thunder,thursday,tiago,tick,ticket,tidal,tie,tiebreak,tier,tiger,tight,tighten,tighthead,till,tim,time,tinash,tindal,tini,tinker,tip,tire,tirunesh,titl,titterrel,today,todd,toe,tokumasu,told,toler,toll,tom,tomlinson,tommi,tomorrow,ton,tong,tonga,toni,tonight,took,top,tore,torn,torrid,toshack,toss,total,tottenham,touch,touchdown,touchlin,tough,tougher,toughest,toulous,toulousain,tour,tourist,tournament,town,track,trade,trademark,tradit,traffic,trafford,tragedi,trail,traill,train,trainer,transfer,transform,translat,transplant,traor,trap,trauss,travel,treak,treat,treatment,tremend,trescothick,treviso,trevor,tri,trial,triangular,tribun,tribut,trick,tricki,trio,trip,tripl,triumph,troncon,trophi,troubl,true,truli,trust,truth,tsolekil,tsunami,tuart,tudor,tuesday,tuffey,tulu,tumbl,tunisia,tunisian,tunnel,turf,turn,turnbul,turner,turnov,tushar,tv,twenti,twice,twickenham,twin,twist,two,tycoon,tyke,tynecastl,type,typic,tzeko,u,ua,ub,udek,uefa,uesday,uganda,ugli,uk,uka,ul,ullum,ulster,ultim,umaga,umar,umpir,unabl,unaccept,unassail,unavail,unbeaten,unbroken,uncap,uncertain,unchang,uncharacterist,unclear,uncomfort,undecid,undef,underdog,undergo,underlin,understand,understood,underw,undisclos,undo,undoubt,unexpect,unfair,unflapp,unforc,unfortun,unhappi,unherald,union,uniqu,unit,univers,unknown,unlucki,unmark,unseed,unsettl,unstopp,unsubstanti,unsur,unthink,unusu,unveil,unwav,up,upbeat,upper,upright,upset,upul,urg,urgenc,urnley,uropean,urphi,uruguay,us\n,usa,usa\,usaca,usada,use,usher,usman,ust,ustralia,ustralian,usual,ut,utd,utmost,utseya,v,vaa,vacant,valbon,valencia,valu,van,varga,varieti,variou,vaughan,vault,vaulter,vb,velimir,ventur,venu,veracruz,verbal,verdict,verg,versatil,version,versu,verton,veteran,vettori,viadana,vice,vickeri,victim,victor,victori,victoria,video,vieira,view,vignal,vikram,villa,villag,villar,villier,vincent,vinci,vincz,violat,violenc,violent,virend,viru,visagi,vision,visit,visitor,vital,vogt,voic,volley,volum,volvo,vote,vow,voyc,vulner,vusi,vv,vy,vyvyan,w,waca,wada,wage,wait,wake,walder,wale,walk,walker,wall,wallabi,wallac,walter,wander,wanderley,want,war,warburton,ward,wardl,wari,warm,warn,warnock,warren,warrior,warwickshir,wasim,wasp,wast,watch,waterreu,watkin,watson,waugh,wave,way,wayn,wayward,we,weak,weaken,wealth,wear,weather,weaver,webb,websit,webster,wednesday,week,weekend,weigh,weight,weir,welcom,well,wellington,welsh,welshman,wen,wenger,went,wenti,west,western,weston,wharf,whatsoev,whelan,whereabout,whilst,whing,whip,whistl,white,wi,wicket,wicketkeep,wide,wider,wife,wigan,wigley,wild,wildcard,wildli,wiley,wilkinson,will,willi,william,wilson,wimbledon,win,wind,windi,window,windsor,wing,winger,winner,winter,wipe,wise,wish,wit,withdraw,withdrew,witzerland,wk,wkt,wo,woe,woeful,wolv,woman,women,wonder,wood,wooden,woodford,woodward,woolmer,worcest,worcestershir,word,wore,work,workload,workmanlik,world,worri,wors,worsen,worsley,worst,worth,worthi,worthington,worthwhil,wotton,wound,wrap,wrestl,wrexham,wright,wrist,write,writer,written,wrong,wrote,wru,wta,xabi,xc,xi,xv,y,yachvili,yakubu,yann,yannick,yapp,yard,yasir,yead,year,yelena,yell,yellow,yeovil,york,yorker,yorkshir,youhana,young,younger,youngest,youngster,youni,yousuf,youth,youzhni,yusuf,yuvraj,z,zaheer,zajec,zambia,zander,zealand,zee,zeeuw,zenden,zero,zharuddin,zidan,zimbabw,zimbabwean,zinedin,zola,zone,zurich,zvonareva,